TR_DATE,VOU_NO,VOU_TYPE,VOU_DATE,AC_NO,ACCOID,PROD_NO,PRODID,PR_BATCHNO,QTY,QTY_SCM,DISC_SCM,MRP,RATE,PR_PRATE,T_RATE,DISCOUNT,DISC_AMT,EXPIRY,SGST,CGST,IGST,CESS,SGSTAMT,CGSTAMT,IGSTAMT,CESSAMT,N_MRP,N_RATE,N_EXP,N_BATCHNO,SLMN_NO,FRE_REPL,IF_DISC,PR_PTR,PRFT_AMT,DOC_NO,SR_NO,RATE_2,RATE_3,STKKEY,EXTRASCM,SCM_GIVEN,SPLKEY,MAXCDPER,CDGIVEN,CDAMT,DPCO_DISC,SCHDRUG,VERSION,ORDER_NO,CR_DD,BILL_TYPE,PROCESSED,CNGORDEL,DELE,CNG_NO,CNG_DATE
2025-04-02,4,CCB,2025-04-02 11:46:03.999,,1061,   6636,,BHL24060,2,0,0.0,79.25,55.0,55.0,55.0,0.0,0.0,06/26,6.0,6.0,0.0,0.0,6.6,6.6,0.0,0.0,79.25,55.0,06/26,BHL24060,  2,0,True,55.0,0.0,,8,,,1138,False,,,0.0,0.0,0.0,False,False,0,,,,,C,D,  1,2025-04-02 00:00:00.000
2025-04-02,4,CCB,2025-04-02 11:46:03.999,,1061,   6637,,BHL24074,2,0,0.0,396.25,280.0,245.0,245.0,0.0,0.0,07/26,6.0,6.0,0.0,0.0,33.6,33.6,0.0,0.0,396.25,280.0,07/26,BHL24074,  2,0,True,280.0,70.0,,9,,,1139,False,,,0.0,0.0,0.0,False,False,0,,,,,C,,  1,2025-04-02 11:46:16.999
2025-04-02,4,CCB,2025-04-02 11:46:16.999,,1061,   6637,,BHL24074,2,0,0.0,396.25,280.0,245.0,245.0,0.0,0.0,07/26,6.0,6.0,0.0,0.0,33.6,33.6,0.0,0.0,396.25,280.0,07/26,BHL24074,  2,0,True,280.0,70.0,,10,,,1139,False,,,0.0,0.0,0.0,False,False,1,,,,,C,,  1,2025-04-02 11:46:45.000
2025-04-02,3,CCB,2025-04-02 11:44:34.999,,1093,   1927,,ELT5AE3011,1,0,0.0,3800.0,1875.0,1500.0,1500.0,0.0,0.0,10/26,6.0,6.0,0.0,0.0,112.5,112.5,0.0,0.0,3800.0,1875.0,10/26,ELT5AE3011,  2,0,False,1675.0,375.0,,6,,,196,False,,,0.0,0.0,0.0,False,False,0,,,,,C,,  1,2025-04-02 00:00:00.000
2025-04-02,3,CCB,2025-04-02 11:44:34.999,,1093,   6586,,ITHF407,30,0,0.0,26.38,11.0,4.49,4.49,0.0,0.0,05/26,6.0,6.0,0.0,0.0,19.8,19.8,0.0,0.0,26.38,11.0,05/26,ITHF407,  2,0,True,11.0,195.3,,7,,,904,False,,,0.0,0.0,0.0,False,False,0,,,,,C,,  1,2025-04-02 13:41:00.000
2025-04-03,6,CCB,2025-04-03 12:12:23.999,,1066,   6604,,25DB23D,7,0,0.0,214.0,46.85,45.0,45.0,0.0,0.0,01/27,6.0,6.0,0.0,0.0,19.677,19.677,0.0,0.0,214.0,46.85,01/27,25DB23D,  3,0,True,65.0,12.95,,14,,,1055,False,,,0.0,0.0,0.0,False,False,0,,,,,C,C,  1,2025-04-03 12:13:35.000
2025-04-03,5,CCB,2025-04-03 10:59:54.000,,1093,   6638,,LI532507E,50,0,0.0,470.35,130.0,99.0,99.0,0.0,0.0,01/27,2.5,2.5,0.0,0.0,162.5,162.5,0.0,0.0,470.35,130.0,01/27,LI532507E,  2,0,True,130.0,1550.0,,11,,,1142,False,,,0.0,0.0,0.0,False,False,0,,,,,C,D,  1,2025-04-03 00:00:00.000
2025-04-03,5,CCB,2025-04-03 10:59:54.000,,1093,   6640,,421,50,0,0.0,128.9,22.5,17.99,17.99,0.0,0.0,08/26,6.0,6.0,0.0,0.0,67.5,67.5,0.0,0.0,128.9,22.5,08/26,421,  2,0,True,22.5,225.5,,12,,,1144,False,,,0.0,0.0,0.0,False,False,0,,,,,C,,  1,2025-04-03 00:00:00.000
2025-04-03,5,CCB,2025-04-03 10:59:54.000,,1093,   6639,,24GL22N,10,0,0.0,2275.0,286.4,229.0,229.0,0.0,0.0,11/26,6.0,6.0,0.0,0.0,171.84,171.84,0.0,0.0,2275.0,286.4,11/26,24GL22N,  2,0,True,286.4,574.0,,13,,,1143,False,,,0.0,0.0,0.0,False,False,0,,,,,C,,  1,2025-04-03 12:51:32.000
2025-04-03,5,CCB,2025-04-03 12:51:32.000,,1093,   6640,,421,50,0,0.0,128.9,22.5,17.99,17.99,0.0,0.0,08/26,6.0,6.0,0.0,0.0,67.5,67.5,0.0,0.0,128.9,22.5,08/26,421,  2,0,True,22.5,225.5,,16,,,1144,False,,,0.0,0.0,0.0,False,False,1,,,,,C,,  1,2025-04-03 00:00:00.000
2025-04-03,5,CCB,2025-04-03 12:51:32.000,,1093,   6639,,24GL22N,10,0,0.0,2275.0,286.4,229.0,229.0,0.0,0.0,11/26,6.0,6.0,0.0,0.0,171.84,171.84,0.0,0.0,2275.0,286.4,11/26,24GL22N,  2,0,True,286.4,574.0,,17,,,1143,False,,,0.0,0.0,0.0,False,False,1,,,,,C,,  1,2025-04-03 12:52:33.999
2025-04-03,5,CCB,2025-04-03 12:52:33.999,,1093,   6640,,421,50,0,0.0,128.9,22.5,17.99,17.99,0.0,0.0,08/26,6.0,6.0,0.0,0.0,67.5,67.5,0.0,0.0,128.9,22.5,08/26,421,  2,0,True,22.5,225.5,,18,,,1144,False,,,0.0,0.0,0.0,False,False,2,,,,,C,,  1,2025-04-03 00:00:00.000
2025-04-03,5,CCB,2025-04-03 12:52:33.999,,1093,   6639,,24GL22N,10,0,0.0,2275.0,286.4,229.0,229.0,0.0,0.0,11/26,6.0,6.0,0.0,0.0,171.84,171.84,0.0,0.0,2275.0,286.4,11/26,24GL22N,  2,0,True,286.4,574.0,,19,,,1143,False,,,0.0,0.0,0.0,False,False,2,,,,,C,,  1,2025-04-03 00:00:00.000
2025-04-03,5,CCB,2025-04-03 12:52:33.999,,1093,   6638,,LI532507E,50,0,0.0,470.35,118.0,99.0,99.0,0.0,0.0,01/27,2.5,2.5,0.0,0.0,147.5,147.5,0.0,0.0,470.35,118.0,01/27,LI532507E,  2,0,True,118.0,950.0,,20,,,1142,False,,,0.0,0.0,0.0,False,False,2,,,,,C,,  1,2025-04-03 00:00:00.000
2025-04-03,5,CCB,2025-04-03 12:52:33.999,,1093,   6641,,L1542413D,75,0,0.0,705.53,130.0,109.0,109.0,0.0,0.0,03/26,6.0,6.0,0.0,0.0,585.0,585.0,0.0,0.0,705.53,130.0,03/26,L1542413D,  2,0,True,130.0,1575.0,,21,,,1145,False,,,0.0,0.0,0.0,False,False,2,,,,,C,,  1,2025-04-03 00:00:00.000
2025-04-03,5,CCB,2025-04-03 12:52:33.999,,1093,   6641,,L1542505A,25,0,0.0,705.53,130.0,109.0,109.0,0.0,0.0,12/26,6.0,6.0,0.0,0.0,195.0,195.0,0.0,0.0,705.53,130.0,12/26,L1542505A,  2,0,True,130.0,525.0,,22,,,1146,False,,,0.0,0.0,0.0,False,False,2,,,,,C,,  1,2025-04-03 12:55:32.999
2025-04-03,8,CCB,2025-04-03 18:56:54.999,,1022,   6256,,M310,1,0,0.0,65.0,15.75,7.0,7.0,0.0,0.0,07/26,6.0,6.0,0.0,0.0,0.945,0.945,0.0,0.0,65.0,15.75,07/26,M310,  2,0,True,7.5,8.75,,18,,,882,False,,,0.0,0.0,0.0,False,False,0,,,,,C,D,  1,2025-04-03 00:00:00.000
2025-04-03,8,CCB,2025-04-03 18:56:54.999,,1022,   6529,,408140,2,0,0.0,45.8,37.0,37.0,37.0,0.0,0.0,07/28,6.0,6.0,0.0,0.0,4.44,4.44,0.0,0.0,45.8,37.0,07/28,408140,  2,0,True,42.0,0.0,,19,,,616,False,,,0.0,0.0,0.0,False,False,0,,,,,C,D,  1,2025-04-03 00:00:00.000
2025-04-03,8,CCB,2025-04-03 18:56:54.999,,1022,   6624,,2403042024,1,0,0.0,173.0,50.0,48.5,48.5,0.0,0.0,05/27,6.0,6.0,0.0,0.0,3.0,3.0,0.0,0.0,173.0,50.0,05/27,2403042024,  2,0,True,50.0,1.5,,20,,,1061,False,,,0.0,0.0,0.0,False,False,0,,,,,C,D,  1,2025-04-03 00:00:00.000
2025-04-03,8,CCB,2025-04-03 18:56:54.999,,1022,   4304,,6067523C,1,0,0.0,1180.0,160.0,160.0,160.0,0.0,0.0,02/28,6.0,6.0,0.0,0.0,9.6,9.6,0.0,0.0,1180.0,160.0,02/28,6067523C,  2,0,False,350.0,0.0,,21,,,633,False,,,0.0,0.0,0.0,False,False,0,,,,,C,D,  1,2025-04-03 00:00:00.000
2025-04-03,8,CCB,2025-04-03 18:56:54.999,,1022,   6631,,445022ANJI,4,0,0.0,5.4,2.0,1.9,1.9,0.0,0.0,10/29,6.0,6.0,0.0,0.0,0.48,0.48,0.0,0.0,5.4,2.0,10/29,445022ANJI,  2,0,True,2.0,0.4,,22,,,1090,False,,,0.0,0.0,0.0,False,False,0,,,,,C,D,  1,2025-04-03 00:00:00.000
2025-04-03,8,CCB,2025-04-03 18:56:54.999,,1022,   6630,,505105NG1,4,0,0.0,23.0,5.0,3.95,3.95,0.0,0.0,12/29,6.0,6.0,0.0,0.0,1.2,1.2,0.0,0.0,23.0,5.0,12/29,505105NG1,  2,0,True,5.0,4.2,,23,,,1089,False,,,0.0,0.0,0.0,False,False,0,,,,,C,D,  1,2025-04-03 00:00:00.000
2025-04-03,8,CCB,2025-04-03 18:56:54.999,,1022,   6507,,429104JG2,4,0,0.0,7.5,2.49,2.45,2.45,0.0,0.0,06/29,6.0,6.0,0.0,0.0,0.598,0.598,0.0,0.0,7.5,2.49,06/29,429104JG2,  2,0,True,3.45,0.16,,24,,,536,False,,,0.0,0.0,0.0,False,False,0,,,,,C,D,  1,2025-04-03 00:00:00.000
2025-04-03,8,CCB,2025-04-03 18:56:54.999,,1022,   6615,,DEC 24,1,0,0.0,520.0,210.0,58.0,58.0,0.0,0.0,07/27,6.0,6.0,0.0,0.0,12.6,12.6,0.0,0.0,520.0,210.0,07/27,DEC 24,  2,0,True,210.0,152.0,,25,,,1093,False,,,0.0,0.0,0.0,False,False,0,,,,,C,D,  1,2025-04-03 00:00:00.000
2025-04-03,8,CCB,2025-04-03 18:56:54.999,,1022,   6555,,ALK24013SR,2,0,0.0,11.4,7.2,6.8,6.8,0.0,0.0,03/26,6.0,6.0,0.0,0.0,0.864,0.864,0.0,0.0,11.4,7.2,03/26,ALK24013SR,  2,0,True,7.2,0.8,,26,,,762,False,,,0.0,0.0,0.0,False,False,0,,,,,C,D,  1,2025-04-03 00:00:00.000
2025-04-03,8,CCB,2025-04-03 18:56:54.999,,1022,   6561,,V4471469,1,0,0.0,46.9,19.64,15.05,15.05,0.0,0.0,09/26,2.5,2.5,0.0,0.0,0.491,0.491,0.0,0.0,46.9,19.64,09/26,V4471469,  2,0,True,19.64,4.59,,27,,,825,False,,,0.0,0.0,0.0,False,False,0,,,,,C,D,  1,2025-04-03 00:00:00.000
2025-04-03,8,CCB,2025-04-03 18:56:54.999,,1022,   5155,,PCIB24CB02C,2,0,0.0,3787.0,650.0,500.0,500.0,0.0,0.0,01/26,6.0,6.0,0.0,0.0,78.0,78.0,0.0,0.0,3787.0,650.0,01/26,PCIB24CB02C,  2,0,False,650.0,300.0,,28,,,498,False,,,0.0,0.0,0.0,False,False,0,,,,,C,D,  1,2025-04-03 00:00:00.000
2025-04-03,8,CCB,2025-04-03 18:56:54.999,,1022,   5156,,PCID24CA02A,2,0,0.0,1085.0,225.0,200.0,200.0,0.0,0.0,00/00,6.0,6.0,0.0,0.0,27.0,27.0,0.0,0.0,1085.0,225.0,00/00,PCID24CA02A,  2,0,False,225.0,50.0,,29,,,500,False,,,0.0,0.0,0.0,False,False,0,,,,,C,D,  1,2025-04-03 00:00:00.000
2025-04-03,8,CCB,2025-04-03 18:56:54.999,,1022,   6450,,147316,1,0,0.0,95.0,11.0,9.0,9.0,0.0,0.0,10/26,6.0,6.0,0.0,0.0,0.66,0.66,0.0,0.0,95.0,11.0,10/26,147316,  2,0,True,11.0,2.0,,30,,,399,False,,,0.0,0.0,0.0,False,False,0,,,,,C,D,  1,2025-04-03 00:00:00.000
2025-04-03,8,CCB,2025-04-03 18:56:54.999,,1022,   6494,,0425003,1,0,0.0,6.16,6.16,4.8,4.8,0.0,0.0,12/27,6.0,6.0,0.0,0.0,0.37,0.37,0.0,0.0,6.16,6.16,12/27,0425003,  2,0,True,6.16,1.36,,31,,,1147,False,,,0.0,0.0,0.0,False,False,0,,,,,C,D,  1,2025-04-03 00:00:00.000
2025-04-03,8,CCB,2025-04-03 18:56:54.999,,1022,   6643,,**,1,0,0.0,4.0,4.0,1.0,1.0,0.0,0.0,00/00,6.0,6.0,0.0,0.0,0.24,0.24,0.0,0.0,4.0,4.0,00/00,**,  2,0,True,4.0,3.0,,32,,,1149,False,,,0.0,0.0,0.0,False,False,0,,,,,C,D,  1,2025-04-03 00:00:00.000
2025-04-03,8,CCB,2025-04-03 18:56:54.999,,1022,   6642,,**,1,0,0.0,225.0,225.0,220.0,220.0,0.0,0.0,00/00,6.0,6.0,0.0,0.0,13.5,13.5,0.0,0.0,225.0,225.0,00/00,**,  2,0,True,225.0,5.0,,33,,,1148,False,,,0.0,0.0,0.0,False,False,0,,,,,C,D,  1,2025-04-03 19:35:26.999
2025-04-03,8,CCB,2025-04-03 19:35:26.999,,1022,   6583,,25DB39Y,1,0,0.0,69.8,22.0,16.99,16.99,0.0,0.0,01/27,6.0,6.0,0.0,0.0,1.32,1.32,0.0,0.0,69.8,22.0,01/27,25DB39Y,  2,0,True,22.0,5.01,,34,,,1141,False,,,0.0,0.0,0.0,False,False,1,,,,,C,,  1,2025-04-03 19:58:50.999
2025-04-03,8,CCB,2025-04-03 19:58:50.999,,1022,   6583,,25DB39Y,1,0,0.0,69.8,22.0,16.99,16.99,0.0,0.0,01/27,6.0,6.0,0.0,0.0,1.32,1.32,0.0,0.0,69.8,22.0,01/27,25DB39Y,  2,0,True,22.0,5.01,,35,,,1141,False,,,0.0,0.0,0.0,False,False,2,,,,,C,D,  1,2025-04-04 00:00:00.000
2025-04-03,8,CCB,2025-04-03 19:58:50.999,,1022,   6256,,M310,1,0,0.0,65.0,46.43,7.0,7.0,0.0,0.0,07/26,6.0,6.0,0.0,0.0,2.786,2.786,0.0,0.0,65.0,46.43,07/26,M310,  2,0,True,7.5,39.43,,36,,,882,False,,,0.0,0.0,0.0,False,False,2,,,,,C,D,  1,2025-04-04 00:00:00.000
2025-04-03,8,CCB,2025-04-03 19:58:50.999,,1022,   6494,,0425003,1,0,0.0,6.16,6.16,4.8,4.8,0.0,0.0,12/27,6.0,6.0,0.0,0.0,0.37,0.37,0.0,0.0,6.16,6.16,12/27,0425003,  2,0,True,6.16,1.36,,37,,,1147,False,,,0.0,0.0,0.0,False,False,2,,,,,C,D,  1,2025-04-04 00:00:00.000
2025-04-03,8,CCB,2025-04-03 19:58:50.999,,1022,   6516,,PT24NS0019B,2,0,0.0,29.62,21.16,15.5,15.5,0.0,0.0,07/26,6.0,6.0,0.0,0.0,2.539,2.539,0.0,0.0,29.62,21.16,07/26,PT24NS0019B,  2,0,True,20.0,11.32,,38,,,568,False,,,0.0,0.0,0.0,False,False,2,,,,,C,D,  1,2025-04-04 00:00:00.000
2025-04-03,8,CCB,2025-04-03 19:58:50.999,,1022,   6624,,2403042024,1,0,0.0,173.0,50.0,48.5,48.5,0.0,0.0,05/27,6.0,6.0,0.0,0.0,3.0,3.0,0.0,0.0,173.0,50.0,05/27,2403042024,  2,0,True,50.0,1.5,,39,,,1061,False,,,0.0,0.0,0.0,False,False,2,,,,,C,D,  1,2025-04-04 00:00:00.000
2025-04-03,8,CCB,2025-04-03 19:58:50.999,,1022,   4304,,6067523C,1,0,0.0,1180.0,842.86,160.0,160.0,0.0,0.0,02/28,6.0,6.0,0.0,0.0,50.572,50.572,0.0,0.0,1180.0,842.86,02/28,6067523C,  2,0,False,350.0,682.86,,40,,,633,False,,,0.0,0.0,0.0,False,False,2,,,,,C,D,  1,2025-04-04 00:00:00.000
2025-04-03,8,CCB,2025-04-03 19:58:50.999,,1022,   6631,,445022ANJI,4,0,0.0,5.4,5.4,1.9,1.9,0.0,0.0,10/29,6.0,6.0,0.0,0.0,1.296,1.296,0.0,0.0,5.4,5.4,10/29,445022ANJI,  2,0,True,2.0,14.0,,41,,,1090,False,,,0.0,0.0,0.0,False,False,2,,,,,C,D,  1,2025-04-04 00:00:00.000
2025-04-03,8,CCB,2025-04-03 19:58:50.999,,1022,   6630,,505105NG1,4,0,0.0,23.0,23.0,3.95,3.95,0.0,0.0,12/29,6.0,6.0,0.0,0.0,5.52,5.52,0.0,0.0,23.0,23.0,12/29,505105NG1,  2,0,True,5.0,76.2,,42,,,1089,False,,,0.0,0.0,0.0,False,False,2,,,,,C,D,  1,2025-04-04 00:00:00.000
2025-04-03,8,CCB,2025-04-03 19:58:50.999,,1022,   6507,,429104JG2,4,0,0.0,7.5,6.45,2.45,2.45,0.0,0.0,06/29,6.0,6.0,0.0,0.0,1.548,1.548,0.0,0.0,7.5,6.45,06/29,429104JG2,  2,0,True,3.45,16.0,,43,,,536,False,,,0.0,0.0,0.0,False,False,2,,,,,C,D,  1,2025-04-04 00:00:00.000
2025-04-03,8,CCB,2025-04-03 19:58:50.999,,1022,   6615,,DEC 24,1,0,0.0,520.0,210.0,58.0,58.0,0.0,0.0,07/27,6.0,6.0,0.0,0.0,12.6,12.6,0.0,0.0,520.0,210.0,07/27,DEC 24,  2,0,True,210.0,152.0,,44,,,1093,False,,,0.0,0.0,0.0,False,False,2,,,,,C,D,  1,2025-04-04 00:00:00.000
2025-04-03,8,CCB,2025-04-03 19:58:50.999,,1022,   6643,,**,1,0,0.0,4.0,4.0,1.0,1.0,0.0,0.0,00/00,6.0,6.0,0.0,0.0,0.24,0.24,0.0,0.0,4.0,4.0,00/00,**,  2,0,True,4.0,3.0,,45,,,1149,False,,,0.0,0.0,0.0,False,False,2,,,,,C,D,  1,2025-04-04 00:00:00.000
2025-04-03,8,CCB,2025-04-03 19:58:50.999,,1022,   6555,,ALK24013SR,1,0,0.0,11.4,7.2,6.8,6.8,0.0,0.0,03/26,6.0,6.0,0.0,0.0,0.432,0.432,0.0,0.0,11.4,7.2,03/26,ALK24013SR,  2,0,True,7.2,0.4,,46,,,762,False,,,0.0,0.0,0.0,False,False,2,,,,,C,D,  1,2025-04-04 00:00:00.000
2025-04-03,8,CCB,2025-04-03 19:58:50.999,,1022,   6561,,V4471469,1,0,0.0,46.9,33.5,15.05,15.05,0.0,0.0,09/26,2.5,2.5,0.0,0.0,0.838,0.838,0.0,0.0,46.9,33.5,09/26,V4471469,  2,0,True,19.64,18.45,,47,,,825,False,,,0.0,0.0,0.0,False,False,2,,,,,C,D,  1,2025-04-04 00:00:00.000
2025-04-03,8,CCB,2025-04-03 19:58:50.999,,1022,   5155,,PCIB24CB02C,2,0,0.0,3787.0,650.0,500.0,500.0,0.0,0.0,01/26,6.0,6.0,0.0,0.0,78.0,78.0,0.0,0.0,3787.0,650.0,01/26,PCIB24CB02C,  2,0,False,650.0,300.0,,48,,,498,False,,,0.0,0.0,0.0,False,False,2,,,,,C,D,  1,2025-04-04 00:00:00.000
2025-04-03,8,CCB,2025-04-03 19:58:50.999,,1022,   5156,,PCID24CA02A,2,0,0.0,1085.0,385.71,200.0,200.0,0.0,0.0,00/00,6.0,6.0,0.0,0.0,46.285,46.285,0.0,0.0,1085.0,385.71,00/00,PCID24CA02A,  2,0,False,225.0,371.42,,49,,,500,False,,,0.0,0.0,0.0,False,False,2,,,,,C,D,  1,2025-04-04 00:00:00.000
2025-04-03,8,CCB,2025-04-03 19:58:50.999,,1022,   6450,,147316,1,0,0.0,95.0,95.0,9.0,9.0,0.0,0.0,10/26,6.0,6.0,0.0,0.0,5.7,5.7,0.0,0.0,95.0,95.0,10/26,147316,  2,0,True,11.0,86.0,,50,,,399,False,,,0.0,0.0,0.0,False,False,2,,,,,C,D,  1,2025-04-04 00:00:00.000
2025-04-03,8,CCB,2025-04-03 19:58:50.999,,1022,   6642,,**,1,0,0.0,225.0,225.0,220.0,220.0,0.0,0.0,00/00,6.0,6.0,0.0,0.0,13.5,13.5,0.0,0.0,225.0,225.0,00/00,**,  2,0,True,225.0,5.0,,51,,,1148,False,,,0.0,0.0,0.0,False,False,2,,,,,C,D,  1,2025-04-04 11:14:46.999
2025-04-03,8,CCB,2025-04-04 11:14:46.999,,1022,   6588,,24DI15B,30,0,0.0,157.0,57.0,38.99,38.99,0.0,0.0,02/26,6.0,6.0,0.0,0.0,102.6,102.6,0.0,0.0,157.0,57.0,02/26,24DI15B,  2,0,True,57.0,540.3,,52,,,912,False,,,0.0,0.0,0.0,False,False,3,,,,,C,,  1,2025-04-04 00:00:00.000
2025-04-03,8,CCB,2025-04-04 11:14:46.999,,1022,   6609,,24DG35A,10,0,0.0,379.0,75.0,49.99,49.99,0.0,0.0,12/25,6.0,6.0,0.0,0.0,45.0,45.0,0.0,0.0,379.0,75.0,12/25,24DG35A,  2,0,True,85.0,250.1,,53,,,1014,False,,,0.0,0.0,0.0,False,False,3,,,,,C,,  1,2025-04-04 11:15:00.999
2025-04-07,14,CCB,2025-04-07 12:33:21.000,,1022,   1678,,DB2410B,1,0,0.0,2499.0,920.0,650.0,650.0,0.0,0.0,06/27,6.0,6.0,0.0,0.0,55.2,55.2,0.0,0.0,2499.0,920.0,06/27,DB2410B,  2,0,True,820.0,270.0,,28,,,590,False,,,0.0,0.0,0.0,False,False,0,,,,,C,,  1,2025-04-09 10:19:05.000
2025-04-12,22,CCB,2025-04-12 13:53:14.999,,1093,   2706,,GD25198A,10,0,0.0,570.0,407.14,359.02,407.14,0.0,0.0,02/27,6.0,6.0,0.0,0.0,244.284,244.284,0.0,0.0,570.0,407.14,02/27,GD25198A,  2,0,False,407.14,481.2,,51,,,1170,False,,,0.0,0.0,0.0,False,False,0,,,,,C,C,  1,2025-04-12 13:54:50.000
2025-04-14,24,CCB,2025-04-14 09:02:37.999,,1061,   2207,,DMTA2427G,10,0,0.0,40.0,28.57,26.57,28.57,0.0,0.0,09/27,6.0,6.0,0.0,0.0,17.142,17.142,0.0,0.0,40.0,28.57,09/27,DMTA2427G,  2,0,False,28.57,20.0,,55,,,1177,False,,,0.0,0.0,0.0,False,False,0,,,,,C,,  1,2025-04-14 00:00:00.000
2025-04-14,24,CCB,2025-04-14 09:02:37.999,,1061,   2894,,4480209,10,0,0.0,1299.17,178.85,130.0,130.0,0.0,0.0,10/27,6.0,6.0,0.0,0.0,107.31,107.31,0.0,0.0,1299.17,178.85,10/27,4480209,  2,0,True,178.85,488.5,,56,,,1179,False,,,0.0,0.0,0.0,False,False,0,,,,,C,D,  1,2025-04-14 09:02:50.999
2025-04-14,24,CCB,2025-04-14 09:02:50.999,,1061,   2207,,DMTA2427G,10,0,0.0,40.0,28.57,26.57,28.57,0.0,0.0,09/27,6.0,6.0,0.0,0.0,17.142,17.142,0.0,0.0,40.0,28.57,09/27,DMTA2427G,  2,0,False,28.57,20.0,,57,,,1177,False,,,0.0,0.0,0.0,False,False,1,,,,,C,,  1,2025-04-14 09:03:27.999
2025-04-14,29,CCB,2025-04-14 14:09:11.999,,1061,   2894,,4480212,2,0,0.0,1299.17,178.0,135.0,135.0,0.0,0.0,12/27,6.0,6.0,0.0,0.0,21.36,21.36,0.0,0.0,1299.17,178.0,12/27,4480212,  2,0,True,178.85,86.0,,75,,,1189,False,,,0.0,0.0,0.0,False,False,0,,,,,C,,  1,2025-04-14 00:00:00.000
2025-04-14,29,CCB,2025-04-14 14:09:11.999,,1061,   2894,,4480202,1,0,0.0,1299.17,178.0,130.0,130.0,0.0,0.0,10/27,6.0,6.0,0.0,0.0,10.68,10.68,0.0,0.0,1299.17,178.0,10/27,4480202,  2,0,True,178.85,48.0,,76,,,955,False,,,0.0,0.0,0.0,False,False,0,,,,,C,,  1,2025-04-14 14:11:48.999
2025-04-15,2,CSB,2025-04-15 18:04:19.999,,5,   6269,,NSK0233,2,0,0.0,107.52,48.0,42.0,42.0,0.0,0.0,10/26,6.0,6.0,0.0,0.0,5.76,5.76,0.0,0.0,107.52,48.0,10/26,NSK0233,  2,0,True,48.0,12.0,,81,,,1190,False,,,0.0,0.0,0.0,False,False,0,,,,,C,,  1,2025-04-15 00:00:00.000
2025-04-15,2,CSB,2025-04-15 18:04:19.999,,5,   6651,,NSK0225,2,0,0.0,107.52,52.0,44.0,44.0,0.0,0.0,10/26,6.0,6.0,0.0,0.0,6.24,6.24,0.0,0.0,107.52,52.0,10/26,NSK0225,  2,0,True,52.0,16.0,,82,,,1191,False,,,0.0,0.0,0.0,False,False,0,,,,,C,,  1,2025-04-15 00:00:00.000
2025-04-15,2,CSB,2025-04-15 18:04:19.999,,5,   6292,,1124024L,2,0,0.0,77.0,35.0,22.0,22.0,0.0,0.0,10/29,6.0,6.0,0.0,0.0,4.2,4.2,0.0,0.0,77.0,35.0,10/29,1124024L,  2,0,True,35.0,26.0,,83,,,1192,False,,,0.0,0.0,0.0,False,False,0,,,,,C,,  1,2025-04-15 00:00:00.000
2025-04-15,2,CSB,2025-04-15 18:04:19.999,,5,   3940,,L1356,2,0,0.0,36.28,27.0,22.31,23.0,0.0,0.0,12/26,6.0,6.0,0.0,0.0,3.24,3.24,0.0,0.0,36.28,27.0,12/26,L1356,  2,0,False,27.0,9.38,,84,,,1193,False,,,0.0,0.0,0.0,False,False,0,,,,,C,,  1,2025-04-15 00:00:00.000
2025-04-15,2,CSB,2025-04-15 18:04:19.999,,5,   6652,,KOSMED,1,0,0.0,95.83,32.0,17.5,17.5,0.0,0.0,11/27,6.0,6.0,0.0,0.0,1.92,1.92,0.0,0.0,95.83,32.0,11/27,KOSMED,  2,0,True,32.0,14.5,,85,,,1194,False,,,0.0,0.0,0.0,False,False,0,,,,,C,,  1,2025-04-15 00:00:00.000
2025-04-15,2,CSB,2025-04-15 18:04:19.999,,5,   6653,,2411204,1,0,0.0,287.5,105.0,51.0,51.0,0.0,0.0,12/26,6.0,6.0,0.0,0.0,6.3,6.3,0.0,0.0,287.5,105.0,12/26,2411204,  2,0,True,105.0,54.0,,86,,,1195,False,,,0.0,0.0,0.0,False,False,0,,,,,C,,  1,2025-04-15 18:05:27.999
2025-04-15,2,CSB,2025-04-15 18:05:27.999,,5,   6269,,NSK0233,2,0,0.0,107.52,48.0,42.0,42.0,0.0,0.0,10/26,6.0,6.0,0.0,0.0,5.76,5.76,0.0,0.0,107.52,48.0,10/26,NSK0233,  2,0,True,48.0,12.0,,87,,,1190,False,,,0.0,0.0,0.0,False,False,1,,,,,C,D,  1,2025-04-15 00:00:00.000
2025-04-15,2,CSB,2025-04-15 18:05:27.999,,5,   6651,,NSK0225,2,0,0.0,107.52,52.0,44.0,44.0,0.0,0.0,10/26,6.0,6.0,0.0,0.0,6.24,6.24,0.0,0.0,107.52,52.0,10/26,NSK0225,  2,0,True,52.0,16.0,,88,,,1191,False,,,0.0,0.0,0.0,False,False,1,,,,,C,D,  1,2025-04-15 00:00:00.000
2025-04-15,2,CSB,2025-04-15 18:05:27.999,,5,   6292,,1124024L,2,0,0.0,77.0,35.0,22.0,22.0,0.0,0.0,10/29,6.0,6.0,0.0,0.0,4.2,4.2,0.0,0.0,77.0,35.0,10/29,1124024L,  2,0,True,35.0,26.0,,89,,,1192,False,,,0.0,0.0,0.0,False,False,1,,,,,C,D,  1,2025-04-15 00:00:00.000
2025-04-15,2,CSB,2025-04-15 18:05:27.999,,5,   3940,,L1356,2,0,0.0,36.28,27.0,22.31,23.0,0.0,0.0,12/26,6.0,6.0,0.0,0.0,3.24,3.24,0.0,0.0,36.28,27.0,12/26,L1356,  2,0,False,27.0,9.38,,90,,,1193,False,,,0.0,0.0,0.0,False,False,1,,,,,C,D,  1,2025-04-15 00:00:00.000
2025-04-15,2,CSB,2025-04-15 18:05:27.999,,5,   6652,,KOSMED,1,0,0.0,95.83,32.0,17.5,17.5,0.0,0.0,11/27,6.0,6.0,0.0,0.0,1.92,1.92,0.0,0.0,95.83,32.0,11/27,KOSMED,  2,0,True,32.0,14.5,,91,,,1194,False,,,0.0,0.0,0.0,False,False,1,,,,,C,D,  1,2025-04-15 00:00:00.000
2025-04-15,2,CSB,2025-04-15 18:05:27.999,,5,   6653,,2411204,1,0,0.0,287.5,105.0,51.0,51.0,0.0,0.0,12/26,6.0,6.0,0.0,0.0,6.3,6.3,0.0,0.0,287.5,105.0,12/26,2411204,  2,0,True,105.0,54.0,,92,,,1195,False,,,0.0,0.0,0.0,False,False,1,,,,,C,D,  1,2025-04-15 18:07:18.999
2025-04-15,2,CSB,2025-04-15 18:07:18.999,,5,   6465,,4B40017,1,0,0.0,42.75,21.5,18.5,18.5,0.0,0.0,01/27,6.0,6.0,0.0,0.0,1.29,1.29,0.0,0.0,42.75,21.5,01/27,4B40017,  2,0,True,21.5,3.0,,93,,,432,False,,,0.0,0.0,0.0,False,False,2,,,,,C,D,  1,2025-04-15 18:09:58.000
2025-04-15,2,CSB,2025-04-15 18:09:58.000,,5,   6269,,NSK0233,2,0,0.0,107.52,107.52,42.0,42.0,0.0,0.0,10/26,6.0,6.0,0.0,0.0,12.902,12.902,0.0,0.0,107.52,107.52,10/26,NSK0233,  2,0,True,48.0,131.04,,94,,,1190,False,,,0.0,0.0,0.0,False,False,3,,,,,C,D,  1,2025-04-15 00:00:00.000
2025-04-15,2,CSB,2025-04-15 18:09:58.000,,5,   6651,,NSK0225,2,0,0.0,107.52,107.52,44.0,44.0,0.0,0.0,10/26,6.0,6.0,0.0,0.0,12.902,12.902,0.0,0.0,107.52,107.52,10/26,NSK0225,  2,0,True,52.0,127.04,,95,,,1191,False,,,0.0,0.0,0.0,False,False,3,,,,,C,D,  1,2025-04-15 00:00:00.000
2025-04-15,2,CSB,2025-04-15 18:09:58.000,,5,   6292,,1124024L,2,0,0.0,77.0,77.0,22.0,22.0,0.0,0.0,10/29,6.0,6.0,0.0,0.0,9.24,9.24,0.0,0.0,77.0,77.0,10/29,1124024L,  2,0,True,35.0,110.0,,96,,,1192,False,,,0.0,0.0,0.0,False,False,3,,,,,C,D,  1,2025-04-15 00:00:00.000
2025-04-15,2,CSB,2025-04-15 18:09:58.000,,5,   3940,,L1356,2,0,0.0,36.28,36.28,22.31,23.0,0.0,0.0,12/26,6.0,6.0,0.0,0.0,4.354,4.354,0.0,0.0,36.28,36.28,12/26,L1356,  2,0,False,27.0,27.94,,97,,,1193,False,,,0.0,0.0,0.0,False,False,3,,,,,C,D,  1,2025-04-15 00:00:00.000
2025-04-15,2,CSB,2025-04-15 18:09:58.000,,5,   6652,,KOSMED,1,0,0.0,95.83,95.83,17.5,17.5,0.0,0.0,11/27,6.0,6.0,0.0,0.0,5.75,5.75,0.0,0.0,95.83,95.83,11/27,KOSMED,  2,0,True,32.0,78.33,,98,,,1194,False,,,0.0,0.0,0.0,False,False,3,,,,,C,D,  1,2025-04-15 00:00:00.000
2025-04-15,2,CSB,2025-04-15 18:09:58.000,,5,   6653,,2411204,1,0,0.0,287.5,287.5,51.0,51.0,0.0,0.0,12/26,6.0,6.0,0.0,0.0,17.25,17.25,0.0,0.0,287.5,287.5,12/26,2411204,  2,0,True,105.0,236.5,,99,,,1195,False,,,0.0,0.0,0.0,False,False,3,,,,,C,D,  1,2025-04-15 18:14:18.000
2025-04-15,2,CSB,2025-04-15 18:14:18.000,,5,   6465,,4B40017,1,0,0.0,42.75,21.5,18.5,18.5,0.0,0.0,01/27,6.0,6.0,0.0,0.0,1.29,1.29,0.0,0.0,42.75,21.5,01/27,4B40017,  2,0,True,21.5,3.0,,100,,,432,False,,,0.0,0.0,0.0,False,False,4,,,,,C,D,  1,2025-04-15 18:17:06.999
2025-04-15,30,CCB,2025-04-15 11:13:55.999,,1061,   2812,,24030103,1,0,0.0,56991.0,8785.71,6200.0,6200.0,0.0,0.0,09/27,2.5,2.5,0.0,0.0,219.643,219.643,0.0,0.0,56991.0,8785.71,09/27,24030103,,0,False,8785.71,2585.71,,79,,,1102,False,,,0.0,0.0,0.0,False,False,0,,,,,C,D,  1,2025-04-16 10:12:29.999
2025-04-16,33,CCB,2025-04-16 12:34:54.999,,1093,   1928,,ELF8BJ4004,1,0,0.0,6491.0,3700.0,2600.0,2600.0,0.0,0.0,05/27,6.0,6.0,0.0,0.0,222.0,222.0,0.0,0.0,6491.0,3700.0,05/27,ELF8BJ4004,  3,0,False,2651.79,1100.0,,114,,,891,False,,,0.0,0.0,0.0,False,False,0,,,,,C,,  1,2025-04-16 12:35:11.000
2025-04-14,27,CCB,2025-04-14 13:50:02.999,,1061,   2655,,OI24231,10,0,0.0,275.0,55.0,42.0,42.0,0.0,0.0,08/26,2.5,2.5,0.0,0.0,13.75,13.75,0.0,0.0,275.0,55.0,08/26,OI24231,  2,0,False,55.0,130.0,,69,,,795,False,,,0.0,0.0,0.0,False,False,0,,,,,C,,  1,2025-04-16 00:00:00.000
2025-04-14,27,CCB,2025-04-14 13:50:02.999,,1061,   2655,,OI24041,1,0,0.0,275.0,55.0,42.0,42.0,0.0,0.0,01/26,2.5,2.5,0.0,0.0,1.375,1.375,0.0,0.0,275.0,55.0,01/26,OI24041,  2,0,False,55.0,13.0,,70,,,1181,False,,,0.0,0.0,0.0,False,False,0,,,,,C,,  1,2025-04-16 00:00:00.000
2025-04-14,27,CCB,2025-04-14 13:50:02.999,,1061,   2655,,OI24041,1,0,0.0,275.0,55.0,42.0,42.0,0.0,0.0,01/26,2.5,2.5,0.0,0.0,1.375,1.375,0.0,0.0,275.0,55.0,01/26,OI24041,  2,0,False,55.0,13.0,,71,,,1182,False,,,0.0,0.0,0.0,False,False,0,,,,,C,,  1,2025-04-16 00:00:00.000
2025-04-14,27,CCB,2025-04-14 13:50:02.999,,1061,   6650,,ELD7AM4011,3,0,0.0,2345.64,613.0,390.0,390.0,0.0,0.0,09/26,2.5,2.5,0.0,0.0,45.975,45.975,0.0,0.0,2345.64,613.0,09/26,ELD7AM4011,  2,0,True,613.0,669.0,,72,,,1188,False,,,0.0,0.0,0.0,False,False,0,,,,,C,D,  1,2025-04-16 00:00:00.000
2025-04-14,27,CCB,2025-04-14 13:50:02.999,,1061,   2430,,FUIB2407G,5,0,0.0,27.0,20.57,19.541,20.57,0.0,0.0,01/26,2.5,2.5,0.0,0.0,2.571,2.571,0.0,0.0,27.0,20.57,01/26,FUIB2407G,  2,0,False,20.57,5.15,,73,,,1183,False,,,0.0,0.0,0.0,False,False,0,,,,,C,C,  1,2025-04-16 14:49:04.000
2025-04-14,27,CCB,2025-04-16 14:49:04.000,,1061,   2655,,OI24231,10,0,0.0,275.0,55.0,42.0,42.0,0.0,0.0,08/26,2.5,2.5,0.0,0.0,13.75,13.75,0.0,0.0,275.0,55.0,08/26,OI24231,  2,0,False,55.0,130.0,,116,,,795,False,,,0.0,0.0,0.0,False,False,1,,,,,C,,  1,2025-04-16 00:00:00.000
2025-04-14,27,CCB,2025-04-16 14:49:04.000,,1061,   2655,,OI24041,1,0,0.0,275.0,55.0,42.0,42.0,0.0,0.0,01/26,2.5,2.5,0.0,0.0,1.375,1.375,0.0,0.0,275.0,55.0,01/26,OI24041,  2,0,False,55.0,13.0,,117,,,1181,False,,,0.0,0.0,0.0,False,False,1,,,,,C,,  1,2025-04-16 00:00:00.000
2025-04-14,27,CCB,2025-04-16 14:49:04.000,,1061,   2655,,OI24041,1,0,0.0,275.0,55.0,42.0,42.0,0.0,0.0,01/26,2.5,2.5,0.0,0.0,1.375,1.375,0.0,0.0,275.0,55.0,01/26,OI24041,  2,0,False,55.0,13.0,,118,,,1182,False,,,0.0,0.0,0.0,False,False,1,,,,,C,,  1,2025-04-16 00:00:00.000
2025-04-14,27,CCB,2025-04-16 14:49:04.000,,1061,   2430,,FUIB2407G,5,0,0.0,27.0,20.57,19.54,20.57,0.0,0.0,01/26,2.5,2.5,0.0,0.0,2.571,2.571,0.0,0.0,27.0,20.57,01/26,FUIB2407G,  2,0,False,20.57,5.15,,119,,,1183,False,,,0.0,0.0,0.0,False,False,1,,,,,C,,  1,2025-04-16 14:50:44.999
2025-04-16,32,CCB,2025-04-16 12:34:11.000,,1089,   1112,,BC24314C,1,0,0.0,2471.0,714.28,267.86,267.86,0.0,0.0,08/26,6.0,6.0,0.0,0.0,42.857,42.857,0.0,0.0,2471.0,714.28,08/26,BC24314C,  3,0,False,714.28,446.42,,113,,,702,False,,,0.0,0.0,0.0,False,False,0,,,,,C,,  1,2025-04-16 19:01:55.000
2025-04-17,37,CCB,2025-04-17 08:55:16.000,,1093,   6588,,24DI15B,20,0,0.0,157.0,57.0,38.99,38.99,0.0,0.0,02/26,6.0,6.0,0.0,0.0,68.4,68.4,0.0,0.0,157.0,57.0,02/26,24DI15B,  2,0,True,57.0,360.2,,130,,,912,False,,,0.0,0.0,0.0,False,False,0,,,,,C,C,  1,2025-04-17 09:41:02.999
2025-04-17,37,CCB,2025-04-17 09:41:02.999,,1093,   6588,,24DI15B,30,0,0.0,157.0,57.0,38.99,38.99,0.0,0.0,02/26,6.0,6.0,0.0,0.0,102.6,102.6,0.0,0.0,157.0,57.0,02/26,24DI15B,  2,0,True,57.0,540.3,,133,,,912,False,,,0.0,0.0,0.0,False,False,1,,,,,C,,  1,2025-04-17 00:00:00.000
2025-04-17,37,CCB,2025-04-17 09:41:02.999,,1093,   2001,,674I008,20,0,0.0,675.0,130.0,65.0,65.0,0.0,0.0,08/26,6.0,6.0,0.0,0.0,156.0,156.0,0.0,0.0,675.0,130.0,08/26,674I008,  2,0,False,130.0,1300.0,,134,,,1203,False,,,0.0,0.0,0.0,False,False,1,,,,,C,,  1,2025-04-17 17:29:05.999
2025-04-17,40,CCB,2025-04-17 17:28:42.000,,1022,    627,,BXK25T1,2,0,0.0,2192.0,1565.71,1565.71,1565.71,0.0,0.0,09/26,6.0,6.0,0.0,0.0,187.885,187.885,0.0,0.0,2192.0,1565.71,09/26,BXK25T1,,0,False,1565.71,0.0,,138,,,1207,False,,,0.0,0.0,0.0,False,False,0,,,,,C,D,  1,2025-04-17 00:00:00.000
2025-04-17,40,CCB,2025-04-17 17:28:42.000,,1022,   6626,,VH-T12860,1,0,0.0,198.0,136.0,131.555,134.24,0.0,0.0,06/26,9.0,9.0,0.0,0.0,12.24,12.24,0.0,0.0,198.0,136.0,06/26,VH-T12860,,0,True,136.0,4.45,,139,,,1208,False,,,0.0,0.0,0.0,False,False,0,,,,,C,D,  1,2025-04-17 18:01:12.000
2025-04-15,1,CSB,2025-04-15 16:38:17.999,,5,   6626,,VH-T12860,1,0,0.0,198.0,136.0,134.24,134.24,0.0,0.0,06/26,9.0,9.0,0.0,0.0,12.24,12.24,0.0,0.0,198.0,136.0,06/26,VH-T12860,  2,0,True,136.0,1.76,,80,,,1067,False,,,0.0,0.0,0.0,False,False,0,,,,,C,,  1,2025-04-17 18:02:21.999
2025-04-15,1,CSB,2025-04-17 18:02:21.999,,5,   6626,,VH-T12860,1,0,0.0,198.0,136.0,134.24,134.24,0.0,0.0,06/26,9.0,9.0,0.0,0.0,12.24,12.24,0.0,0.0,198.0,136.0,06/26,VH-T12860,  2,0,True,136.0,1.76,,144,,,1067,False,,,0.0,0.0,0.0,False,False,1,,,,,C,,  1,2025-04-17 00:00:00.000
2025-04-15,1,CSB,2025-04-17 18:02:21.999,,5,   6626,,VH-T12860,1,0,0.0,198.0,136.0,131.555,134.24,0.0,0.0,06/26,9.0,9.0,0.0,0.0,12.24,12.24,0.0,0.0,198.0,136.0,06/26,VH-T12860,  2,0,True,136.0,4.45,,145,,,1208,False,,,0.0,0.0,0.0,False,False,1,,,,,C,,  1,2025-04-17 00:00:00.000
2025-04-15,1,CSB,2025-04-17 18:02:21.999,,5,    627,,BXK25T1,2,0,0.0,2192.0,1565.71,1565.71,1565.71,0.0,0.0,09/26,6.0,6.0,0.0,0.0,187.885,187.885,0.0,0.0,2192.0,1565.71,09/26,BXK25T1,  2,0,False,1565.71,0.0,,146,,,1207,False,,,0.0,0.0,0.0,False,False,1,,,,,C,,  1,2025-04-17 18:02:53.999
2025-04-18,42,CCB,2025-04-18 13:45:15.999,,1061,   4955,,TABRB1502,1,0,0.0,31000.0,10500.0,4600.0,4600.0,0.0,0.0,01/27,6.0,6.0,0.0,0.0,630.0,630.0,0.0,0.0,31000.0,10500.0,01/27,TABRB1502,  2,0,False,10500.0,5900.0,,151,,,1210,False,,,0.0,0.0,0.0,False,False,0,,,,,C,D,  1,2025-04-18 00:00:00.000
2025-04-18,42,CCB,2025-04-18 13:45:15.999,,1061,   2927,,23120011,1,0,0.0,14990.0,5400.0,4800.0,4800.0,0.0,0.0,06/26,6.0,6.0,0.0,0.0,324.0,324.0,0.0,0.0,14990.0,5400.0,06/26,23120011,  2,0,False,5400.0,600.0,,152,,,1211,False,,,0.0,0.0,0.0,False,False,0,,,,,C,D,  1,2025-04-18 15:44:03.999
2025-04-17,39,CCB,2025-04-17 17:22:39.000,,1061,    241,,TMGAA1426,3,0,0.0,341.2,187.5,140.0,140.0,0.0,0.0,10/26,6.0,6.0,0.0,0.0,33.75,33.75,0.0,0.0,341.2,187.5,10/26,TMGAA1426,  2,0,False,187.5,142.5,,135,,,1204,False,,,0.0,0.0,0.0,False,False,0,,,,,C,,  1,2025-04-18 00:00:00.000
2025-04-17,39,CCB,2025-04-17 17:22:39.000,,1061,   1102,,BC24344C,2,0,0.0,507.0,407.0,380.55,380.55,0.0,0.0,12/25,6.0,6.0,0.0,0.0,48.84,48.84,0.0,0.0,507.0,407.0,12/25,BC24344C,  2,0,False,407.0,52.9,,136,,,1205,False,,,0.0,0.0,0.0,False,False,0,,,,,C,D,  1,2025-04-18 00:00:00.000
2025-04-17,39,CCB,2025-04-17 17:22:39.000,,1061,   2383,,05241726,5,0,0.0,1314.0,225.0,160.71,160.71,0.0,0.0,10/26,6.0,6.0,0.0,0.0,67.5,67.5,0.0,0.0,1314.0,225.0,10/26,05241726,  2,0,False,225.0,321.45,,137,,,1187,False,,,0.0,0.0,0.0,False,False,0,,,,,C,,  1,2025-04-18 15:47:25.000
2025-04-17,39,CCB,2025-04-18 15:47:25.000,,1061,    241,,TMGAA1426,3,0,0.0,341.2,187.5,140.0,140.0,0.0,0.0,10/26,6.0,6.0,0.0,0.0,33.75,33.75,0.0,0.0,341.2,187.5,10/26,TMGAA1426,  2,0,False,187.5,142.5,,156,,,1204,False,,,0.0,0.0,0.0,False,False,1,,,,,C,,  1,2025-04-18 00:00:00.000
2025-04-17,39,CCB,2025-04-18 15:47:25.000,,1061,   2383,,05241726,5,0,0.0,1314.0,225.0,160.71,160.71,0.0,0.0,10/26,6.0,6.0,0.0,0.0,67.5,67.5,0.0,0.0,1314.0,225.0,10/26,05241726,  2,0,False,225.0,321.45,,157,,,1187,False,,,0.0,0.0,0.0,False,False,1,,,,,C,,  1,2025-04-18 15:54:53.999
2025-04-18,42,CCB,2025-04-18 15:44:03.999,,1061,   2639,,HHBL2404CP,5,0,0.0,992.0,535.0,530.0,530.0,0.0,0.0,01/26,6.0,6.0,0.0,0.0,160.5,160.5,0.0,0.0,992.0,535.0,01/26,HHBL2404CP,  2,0,False,535.0,25.0,,153,,,788,False,,,0.0,0.0,0.0,False,False,1,,,,,C,,  1,2025-04-19 00:00:00.000
2025-04-18,42,CCB,2025-04-18 15:44:03.999,,1061,   1156,,CSI2507AC,2,0,0.0,79.0,60.0,50.0,50.0,0.0,0.0,12/26,3.0,3.0,0.0,0.0,3.6,3.6,0.0,0.0,79.0,60.0,12/26,CSI2507AC,  2,0,False,60.0,20.0,,154,,,1164,False,,,0.0,0.0,0.0,False,False,1,,,,,C,,  1,2025-04-19 00:00:00.000
2025-04-18,42,CCB,2025-04-18 15:44:03.999,,1061,   1157,,CSI2507BC,2,0,0.0,396.75,287.0,180.0,180.0,0.0,0.0,12/26,6.0,6.0,0.0,0.0,34.44,34.44,0.0,0.0,396.75,287.0,12/26,CSI2507BC,  2,0,False,287.0,214.0,,155,,,1163,False,,,0.0,0.0,0.0,False,False,1,,,,,C,D,  1,2025-04-19 12:47:13.000
2025-04-18,42,CCB,2025-04-19 12:47:13.000,,1061,   2639,,HHBL2404CP,5,0,0.0,992.0,535.0,530.0,530.0,0.0,0.0,01/26,6.0,6.0,0.0,0.0,160.5,160.5,0.0,0.0,992.0,535.0,01/26,HHBL2404CP,  2,0,False,535.0,25.0,,168,,,788,False,,,0.0,0.0,0.0,False,False,2,,,,,C,,  1,2025-04-19 00:00:00.000
2025-04-18,42,CCB,2025-04-19 12:47:13.000,,1061,   1156,,CSI2507AC,2,0,0.0,79.0,60.0,50.0,50.0,0.0,0.0,12/26,3.0,3.0,0.0,0.0,3.6,3.6,0.0,0.0,79.0,60.0,12/26,CSI2507AC,  2,0,False,60.0,20.0,,169,,,1164,False,,,0.0,0.0,0.0,False,False,2,,,,,C,,  1,2025-04-19 12:51:05.999
2025-04-21,3,CSB,2025-04-21 11:20:01.000,,5,   1503,,4GJ0360,1,0,0.0,21450.0,9800.0,8500.0,8500.0,0.0,0.0,04/26,6.0,6.0,0.0,0.0,588.0,588.0,0.0,0.0,21450.0,9800.0,04/26,4GJ0360,,0,False,9700.0,1300.0,,177,,,1222,False,,,0.0,0.0,0.0,False,False,0,,,,,C,,  1,2025-04-21 00:00:00.000
2025-04-21,3,CSB,2025-04-21 11:20:01.000,,5,    429,,M11512406H,1,0,0.0,8625.0,5900.0,5700.0,5700.0,0.0,0.0,08/26,6.0,6.0,0.0,0.0,354.0,354.0,0.0,0.0,8625.0,5900.0,08/26,M11512406H,,0,False,5815.0,200.0,,178,,,1221,False,,,0.0,0.0,0.0,False,False,0,,,,,C,,  1,2025-04-21 11:20:20.999
2025-04-21,3,CSB,2025-04-21 11:20:20.999,,5,   1503,,4GJ0360,1,0,0.0,21450.0,9800.0,8500.0,8500.0,0.0,0.0,04/26,6.0,6.0,0.0,0.0,588.0,588.0,0.0,0.0,21450.0,9800.0,04/26,4GJ0360,,0,False,9700.0,1300.0,,179,,,1222,False,,,0.0,0.0,0.0,False,False,1,,,,,C,D,  1,2025-04-21 00:00:00.000
2025-04-21,3,CSB,2025-04-21 11:20:20.999,,5,    429,,M11512406H,1,0,0.0,8625.0,5900.0,5700.0,5700.0,0.0,0.0,08/26,6.0,6.0,0.0,0.0,354.0,354.0,0.0,0.0,8625.0,5900.0,08/26,M11512406H,,0,False,5815.0,200.0,,180,,,1221,False,,,0.0,0.0,0.0,False,False,1,,,,,C,,  1,2025-04-21 12:32:23.999
2025-04-21,3,CSB,2025-04-21 12:32:23.999,,5,    429,,M11512406H,1,0,0.0,8625.0,5900.0,5700.0,5700.0,0.0,0.0,08/26,6.0,6.0,0.0,0.0,354.0,354.0,0.0,0.0,8625.0,5900.0,08/26,M11512406H,,0,False,5815.0,200.0,,182,,,1221,False,,,0.0,0.0,0.0,False,False,2,,,,,C,,  1,2025-04-21 12:33:36.000
2025-04-21,46,CCB,2025-04-21 12:31:58.000,,1093,   6654,,24462188,10,0,0.0,27.3,21.84,17.058,20.47,0.0,0.0,08/27,6.0,6.0,0.0,0.0,13.104,13.104,0.0,0.0,27.3,21.84,08/27,24462188,  2,0,True,21.84,47.82,,181,,,1223,False,,,0.0,0.0,0.0,False,False,0,,,,,C,,  1,2025-04-21 18:44:36.000
2025-04-24,53,CCB,2025-04-24 15:14:40.000,,1061,   4279,,L0342405A,5,0,0.0,108.0,40.0,30.0,30.0,0.0,0.0,07/26,6.0,6.0,0.0,0.0,12.0,12.0,0.0,0.0,108.0,40.0,07/26,L0342405A,  2,0,False,40.0,50.0,,133,,,925,False,,,0.0,0.0,0.0,False,False,0,,,,,C,,  1,2025-04-24 00:00:00.000
2025-04-24,53,CCB,2025-04-24 15:14:40.000,,1061,   4279,,L0342405A,5,0,0.0,108.0,40.0,30.0,30.0,0.0,0.0,07/26,6.0,6.0,0.0,0.0,12.0,12.0,0.0,0.0,108.0,40.0,07/26,L0342405A,  2,0,False,40.0,50.0,,134,,,953,False,,,0.0,0.0,0.0,False,False,0,,,,,C,,  1,2025-04-24 00:00:00.000
2025-04-24,53,CCB,2025-04-24 15:14:40.000,,1061,   6597,,410,10,0,0.0,11.4,5.1,4.9,4.9,0.0,0.0,03/27,6.0,6.0,0.0,0.0,3.06,3.06,0.0,0.0,11.4,5.1,03/27,410,  2,0,True,5.1,2.0,,135,,,1165,False,,,0.0,0.0,0.0,False,False,0,,,,,C,,  1,2025-04-24 15:50:11.000
2025-04-25,55,CCB,2025-04-25 12:34:49.000,,1061,   1156,,CSI2507AC,2,0,0.0,79.0,60.0,50.0,50.0,0.0,0.0,12/26,3.0,3.0,0.0,0.0,3.6,3.6,0.0,0.0,79.0,60.0,12/26,CSI2507AC,  2,0,False,60.0,20.0,,138,,,1231,False,,,0.0,0.0,0.0,False,False,0,,,,,C,,  1,2025-04-25 00:00:00.000
2025-04-25,55,CCB,2025-04-25 12:34:49.000,,1061,   1157,,CSI2510BC,2,0,0.0,396.75,287.0,180.0,180.0,0.0,0.0,01/27,6.0,6.0,0.0,0.0,34.44,34.44,0.0,0.0,396.75,287.0,01/27,CSI2510BC,  2,0,False,287.0,214.0,,139,,,1232,False,,,0.0,0.0,0.0,False,False,0,,,,,C,,  1,2025-04-25 00:00:00.000
2025-04-25,55,CCB,2025-04-25 12:34:49.000,,1061,   6657,,DALL24A06-C,2,0,0.0,317.85,190.0,170.0,170.0,0.0,0.0,11/26,2.5,2.5,0.0,0.0,9.5,9.5,0.0,0.0,317.85,190.0,11/26,DALL24A06-C,  2,0,True,190.0,40.0,,140,,,1234,False,,,0.0,0.0,0.0,False,False,0,,,,,C,,  1,2025-04-25 00:00:00.000
2025-04-25,55,CCB,2025-04-25 12:34:49.000,,1061,   6658,,25062,10,0,0.0,26.85,11.25,10.3,10.3,0.0,0.0,01/26,6.0,6.0,0.0,0.0,6.75,6.75,0.0,0.0,26.85,11.25,01/26,25062,  2,0,True,11.25,9.5,,141,,,1235,False,,,0.0,0.0,0.0,False,False,0,,,,,C,,  1,2025-04-25 00:00:00.000
2025-04-25,55,CCB,2025-04-25 12:34:49.000,,1061,   6353,,25054,10,0,0.0,10.84,7.25,6.6,6.6,0.0,0.0,01/28,6.0,6.0,0.0,0.0,4.35,4.35,0.0,0.0,10.84,7.25,01/28,25054,  2,0,True,7.25,6.5,,142,,,1236,False,,,0.0,0.0,0.0,False,False,0,,,,,C,,  1,2025-04-25 12:38:04.000
2025-05-01,65,CCB,2025-05-01 11:54:40.000,,1115,   6662,,LY372404C,1,0,0.0,2970.0,1050.0,950.0,950.0,0.0,0.0,09/26,6.0,6.0,0.0,0.0,63.0,63.0,0.0,0.0,2970.0,1050.0,09/26,LY372404C,  2,0,True,1050.0,100.0,,1,,,1257,False,,,0.0,0.0,0.0,False,False,0,,,,,C,C,  1,2025-05-01 12:03:30.999
2025-05-01,65,CCB,2025-05-01 12:03:30.999,,1115,   6662,,LY372404C,5,0,0.0,2970.0,1050.0,950.0,950.0,0.0,0.0,09/26,6.0,6.0,0.0,0.0,315.0,315.0,0.0,0.0,2970.0,1050.0,09/26,LY372404C,  2,0,True,1050.0,500.0,,2,,,1257,False,,,0.0,0.0,0.0,False,False,1,,,,,C,,  1,2025-05-01 12:04:55.000
2025-05-03,8,CSB,2025-05-03 12:47:14.999,,5,   2989,,11030111,6,0,0.0,2205.4,745.54,300.0,300.0,0.0,0.0,01/28,6.0,6.0,0.0,0.0,268.394,268.394,0.0,0.0,2205.4,745.54,01/28,11030111,  2,0,False,745.54,2673.24,,13,,,1266,False,,,0.0,0.0,0.0,False,False,0,,,,,C,D,  1,2025-05-03 12:52:02.000
2025-05-03,8,CSB,2025-05-03 12:52:02.000,,5,   3950,,V30815,1,0,0.0,66.25,36.5,35.5,35.5,0.0,0.0,01/26,6.0,6.0,0.0,0.0,2.19,2.19,0.0,0.0,66.25,36.5,01/26,V30815,  2,0,False,36.5,1.0,,14,,,541,False,,,0.0,0.0,0.0,False,False,1,,,,,C,,  1,2025-05-03 12:53:18.999
2025-05-03,8,CSB,2025-05-03 12:53:18.999,,5,   3950,,V30815,1,0,0.0,66.25,36.5,35.5,35.5,0.0,0.0,01/26,6.0,6.0,0.0,0.0,2.19,2.19,0.0,0.0,66.25,36.5,01/26,V30815,  2,0,False,36.5,1.0,,15,,,541,False,,,0.0,0.0,0.0,False,False,2,,,,,C,D,  1,2025-05-03 00:00:00.000
2025-05-03,8,CSB,2025-05-03 12:53:18.999,,5,   2989,,11030111,6,0,0.0,2205.4,560.0,300.0,300.0,0.0,0.0,01/28,6.0,6.0,0.0,0.0,201.6,201.6,0.0,0.0,2205.4,560.0,01/28,11030111,  2,0,False,745.54,1560.0,,16,,,1266,False,,,0.0,0.0,0.0,False,False,2,,,,,C,,  1,2025-05-03 12:53:27.999
2025-05-03,71,CCB,2025-05-03 17:06:14.999,,1061,   2894,,4480209,6,0,0.0,1299.17,178.0,130.0,130.0,0.0,0.0,10/27,6.0,6.0,0.0,0.0,64.08,64.08,0.0,0.0,1299.17,178.0,10/27,4480209,  2,0,True,178.85,288.0,,22,,,1202,False,,,0.0,0.0,0.0,False,False,0,,,,,C,C,  1,2025-05-03 18:22:28.000
2025-04-29,61,CCB,2025-04-29 18:49:50.999,,1114,   1932,,312501P01,2,0,0.0,5538.0,1607.14,1500.0,1500.0,0.0,0.0,12/26,6.0,6.0,0.0,0.0,192.857,192.857,0.0,0.0,5538.0,1607.14,12/26,312501P01,  2,0,False,1607.14,214.28,,162,,,1247,False,,,0.0,0.0,0.0,False,False,0,,,,,C,C,  1,2025-05-05 13:47:35.999
2025-05-05,73,CCB,2025-05-05 13:44:40.000,,1061,   2812,,24030103,1,0,0.0,56991.0,8785.71,6200.0,6200.0,0.0,0.0,09/27,2.5,2.5,0.0,0.0,219.643,219.643,0.0,0.0,56991.0,8785.71,09/27,24030103,  2,0,False,8785.71,2585.71,,26,,,1102,False,,,0.0,0.0,0.0,False,False,0,,,,,C,D,  1,2025-05-05 00:00:00.000
2025-05-05,73,CCB,2025-05-05 13:44:40.000,,1061,   2655,,OI24290,11,0,0.0,275.0,55.0,42.0,42.0,0.0,0.0,11/26,2.5,2.5,0.0,0.0,15.125,15.125,0.0,0.0,275.0,55.0,11/26,OI24290,  2,0,False,55.0,143.0,,27,,,1274,False,,,0.0,0.0,0.0,False,False,0,,,,,C,,  1,2025-05-05 00:00:00.000
2025-05-05,73,CCB,2025-05-05 13:44:40.000,,1061,   2430,,BK50250094,10,0,0.0,27.0,21.6,20.52,21.6,0.0,0.0,02/27,2.5,2.5,0.0,0.0,5.4,5.4,0.0,0.0,27.0,21.6,02/27,BK50250094,  2,0,False,21.6,10.8,,28,,,1275,False,,,0.0,0.0,0.0,False,False,0,,,,,C,,  1,2025-05-05 15:41:40.999
2025-05-03,70,CCB,2025-05-03 12:54:37.000,,1061,   6597,,410,15,0,0.0,11.4,5.1,4.9,4.9,0.0,0.0,03/27,6.0,6.0,0.0,0.0,4.59,4.59,0.0,0.0,11.4,5.1,03/27,410,  2,0,True,5.1,3.0,,18,,,1165,False,,,0.0,0.0,0.0,False,False,0,,,,,C,,  1,2025-05-08 00:00:00.000
2025-05-03,70,CCB,2025-05-03 12:54:37.000,,1061,   6597,,DM9226,5,0,0.0,11.4,5.1,4.9,4.9,0.0,0.0,03/27,6.0,6.0,0.0,0.0,1.53,1.53,0.0,0.0,11.4,5.1,03/27,DM9226,  2,0,True,5.1,1.0,,19,,,956,False,,,0.0,0.0,0.0,False,False,0,,,,,C,,  1,2025-05-08 00:00:00.000
2025-05-03,70,CCB,2025-05-03 12:54:37.000,,1061,   4279,,L0342405A,10,0,0.0,108.0,40.0,30.0,30.0,0.0,0.0,07/26,6.0,6.0,0.0,0.0,24.0,24.0,0.0,0.0,108.0,40.0,07/26,L0342405A,  2,0,False,40.0,100.0,,20,,,953,False,,,0.0,0.0,0.0,False,False,0,,,,,C,,  1,2025-05-08 00:00:00.000
2025-05-03,70,CCB,2025-05-03 12:54:37.000,,1061,   6494,,0425003,10,0,0.0,6.16,6.16,4.8,4.8,0.0,0.0,12/27,6.0,6.0,0.0,0.0,3.696,3.696,0.0,0.0,6.16,6.16,12/27,0425003,  2,0,True,6.16,13.6,,21,,,1147,False,,,0.0,0.0,0.0,False,False,0,,,,,C,D,  1,2025-05-08 09:48:21.999
2025-05-03,70,CCB,2025-05-08 09:48:21.999,,1061,   6597,,410,15,0,0.0,11.4,5.1,4.9,4.9,0.0,0.0,03/27,6.0,6.0,0.0,0.0,4.59,4.59,0.0,0.0,11.4,5.1,03/27,410,  2,0,True,5.1,3.0,,34,,,1165,False,,,0.0,0.0,0.0,False,False,1,,,,,C,,  1,2025-05-08 00:00:00.000
2025-05-03,70,CCB,2025-05-08 09:48:21.999,,1061,   6597,,DM9226,5,0,0.0,11.4,5.1,4.9,4.9,0.0,0.0,03/27,6.0,6.0,0.0,0.0,1.53,1.53,0.0,0.0,11.4,5.1,03/27,DM9226,  2,0,True,5.1,1.0,,35,,,956,False,,,0.0,0.0,0.0,False,False,1,,,,,C,,  1,2025-05-08 00:00:00.000
2025-05-03,70,CCB,2025-05-08 09:48:21.999,,1061,   4279,,L0342405A,10,0,0.0,108.0,40.0,30.0,30.0,0.0,0.0,07/26,6.0,6.0,0.0,0.0,24.0,24.0,0.0,0.0,108.0,40.0,07/26,L0342405A,  2,0,False,40.0,100.0,,36,,,953,False,,,0.0,0.0,0.0,False,False,1,,,,,C,,  1,2025-05-08 09:48:52.999
2025-05-02,67,CCB,2025-05-02 13:42:45.999,,1061,   2082,,87240093AB,5,0,0.0,992.0,620.0,580.0,580.0,0.0,0.0,01/26,6.0,6.0,0.0,0.0,186.0,186.0,0.0,0.0,992.0,620.0,01/26,87240093AB,  2,0,False,620.0,200.0,,6,,,1258,False,,,0.0,0.0,0.0,False,False,0,,,,,C,,  1,2025-05-08 00:00:00.000
2025-05-02,67,CCB,2025-05-02 13:42:45.999,,1061,   2383,,05241394,5,0,0.0,1314.0,225.0,160.0,160.0,0.0,0.0,08/26,6.0,6.0,0.0,0.0,67.5,67.5,0.0,0.0,1314.0,225.0,08/26,05241394,  2,0,False,225.0,325.0,,7,,,1169,False,,,0.0,0.0,0.0,False,False,0,,,,,C,,  1,2025-05-08 00:00:00.000
2025-05-02,67,CCB,2025-05-02 13:42:45.999,,1061,   4105,,BCII2501XD,2,0,0.0,396.5,254.0,250.0,250.0,0.0,0.0,12/26,6.0,6.0,0.0,0.0,30.48,30.48,0.0,0.0,396.5,254.0,12/26,BCII2501XD,  2,0,False,275.0,8.0,,8,,,1262,False,,,0.0,0.0,0.0,False,False,0,,,,,C,D,  1,2025-05-08 09:49:20.999
2025-05-03,70,CCB,2025-05-08 09:48:52.999,,1061,   6597,,410,15,0,0.0,11.4,5.1,4.9,4.9,0.0,0.0,03/27,6.0,6.0,0.0,0.0,4.59,4.59,0.0,0.0,11.4,5.1,03/27,410,  2,0,True,5.1,3.0,,37,,,1165,False,,,0.0,0.0,0.0,False,False,2,,,,,C,,  1,2025-05-08 00:00:00.000
2025-05-03,70,CCB,2025-05-08 09:48:52.999,,1061,   6597,,DM9226,5,0,0.0,11.4,5.1,4.9,4.9,0.0,0.0,03/27,6.0,6.0,0.0,0.0,1.53,1.53,0.0,0.0,11.4,5.1,03/27,DM9226,  2,0,True,5.1,1.0,,38,,,956,False,,,0.0,0.0,0.0,False,False,2,,,,,C,,  1,2025-05-08 00:00:00.000
2025-05-03,70,CCB,2025-05-08 09:48:52.999,,1061,   4279,,L0342405A,10,0,0.0,108.0,40.0,30.0,30.0,0.0,0.0,07/26,6.0,6.0,0.0,0.0,24.0,24.0,0.0,0.0,108.0,40.0,07/26,L0342405A,  2,0,False,40.0,100.0,,39,,,953,False,,,0.0,0.0,0.0,False,False,2,,,,,C,,  1,2025-05-08 00:00:00.000
2025-05-03,70,CCB,2025-05-08 09:48:52.999,,1061,   6494,,0425003,10,0,0.0,6.16,4.95,4.8,4.8,0.0,0.0,12/27,6.0,6.0,0.0,0.0,2.97,2.97,0.0,0.0,6.16,4.95,12/27,0425003,  2,0,True,6.16,1.5,,40,,,1147,False,,,0.0,0.0,0.0,False,False,2,,,,,C,D,  1,2025-05-08 09:49:42.999
2025-05-03,70,CCB,2025-05-08 09:49:42.999,,1061,   6597,,410,15,0,0.0,11.4,5.1,4.9,4.9,0.0,0.0,03/27,6.0,6.0,0.0,0.0,4.59,4.59,0.0,0.0,11.4,5.1,03/27,410,  2,0,True,5.1,3.0,,43,,,1165,False,,,0.0,0.0,0.0,False,False,3,,,,,C,,  1,2025-05-08 00:00:00.000
2025-05-03,70,CCB,2025-05-08 09:49:42.999,,1061,   6597,,DM9226,5,0,0.0,11.4,5.1,4.9,4.9,0.0,0.0,03/27,6.0,6.0,0.0,0.0,1.53,1.53,0.0,0.0,11.4,5.1,03/27,DM9226,  2,0,True,5.1,1.0,,44,,,956,False,,,0.0,0.0,0.0,False,False,3,,,,,C,,  1,2025-05-08 00:00:00.000
2025-05-03,70,CCB,2025-05-08 09:49:42.999,,1061,   4279,,L0342405A,10,0,0.0,108.0,40.0,30.0,30.0,0.0,0.0,07/26,6.0,6.0,0.0,0.0,24.0,24.0,0.0,0.0,108.0,40.0,07/26,L0342405A,  2,0,False,40.0,100.0,,45,,,953,False,,,0.0,0.0,0.0,False,False,3,,,,,C,,  1,2025-05-08 09:50:10.000
2025-05-09,78,CCB,2025-05-09 13:16:54.999,,1061,   2907,,28030082,1,0,0.0,3985.25,2401.78,1300.0,1300.0,0.0,0.0,10/27,6.0,6.0,0.0,0.0,144.107,144.107,0.0,0.0,3985.25,2401.78,10/27,28030082,  2,0,False,2401.78,1101.78,,50,,,1248,False,,,0.0,0.0,0.0,False,False,0,,,,,C,D,  1,2025-05-09 00:00:00.000
2025-05-09,78,CCB,2025-05-09 13:16:54.999,,1061,   6664,,DE2405B,1,0,0.0,13936.0,4446.85,3200.0,3200.0,0.0,0.0,08/27,6.0,6.0,0.0,0.0,266.811,266.811,0.0,0.0,13936.0,4446.85,08/27,DE2405B,  2,0,True,4446.85,1246.85,,51,,,1279,False,,,0.0,0.0,0.0,False,False,0,,,,,C,,  1,2025-05-09 00:00:00.000
2025-05-09,78,CCB,2025-05-09 13:16:54.999,,1061,   2808,,M2404709,1,0,0.0,5258.5,1300.0,1000.0,1000.0,0.0,0.0,04/26,6.0,6.0,0.0,0.0,78.0,78.0,0.0,0.0,5258.5,1300.0,04/26,M2404709,  2,0,False,1300.0,300.0,,52,,,937,False,,,0.0,0.0,0.0,False,False,0,,,,,C,,  1,2025-05-09 13:29:07.000
2025-05-09,78,CCB,2025-05-09 13:29:07.000,,1061,   6664,,DE2405B,1,0,0.0,13936.0,4446.85,3200.0,3200.0,0.0,0.0,08/27,6.0,6.0,0.0,0.0,266.811,266.811,0.0,0.0,13936.0,4446.85,08/27,DE2405B,  2,0,True,4446.85,1246.85,,53,,,1279,False,,,0.0,0.0,0.0,False,False,1,,,,,C,,  1,2025-05-09 00:00:00.000
2025-05-09,78,CCB,2025-05-09 13:29:07.000,,1061,   2808,,M2404709,1,0,0.0,5258.5,1300.0,1000.0,1000.0,0.0,0.0,04/26,6.0,6.0,0.0,0.0,78.0,78.0,0.0,0.0,5258.5,1300.0,04/26,M2404709,  2,0,False,1300.0,300.0,,54,,,937,False,,,0.0,0.0,0.0,False,False,1,,,,,C,,  1,2025-05-09 13:29:47.999
2025-05-09,80,CCB,2025-05-09 15:34:21.000,,1061,   6648,,GD124006AS,1,0,0.0,15.12,11.5,10.81,10.81,0.0,0.0,04/27,6.0,6.0,0.0,0.0,0.69,0.69,0.0,0.0,15.12,11.5,04/27,GD124006AS,  2,0,True,11.5,0.69,,59,,,1281,False,,,0.0,0.0,0.0,False,False,0,,,,,C,,  1,2025-05-09 00:00:00.000
2025-05-09,80,CCB,2025-05-09 15:34:21.000,,1061,   6647,,5043C84301,1,0,0.0,46.1,35.57,34.57,34.57,0.0,0.0,07/26,6.0,6.0,0.0,0.0,2.134,2.134,0.0,0.0,46.1,35.57,07/26,5043C84301,  2,0,True,35.57,1.0,,60,,,1282,False,,,0.0,0.0,0.0,False,False,0,,,,,C,,  1,2025-05-09 00:00:00.000
2025-05-09,80,CCB,2025-05-09 15:34:21.000,,1061,   6311,,ME1304,1,0,0.0,76.1,59.0,58.57,58.57,0.0,0.0,07/26,6.0,6.0,0.0,0.0,3.54,3.54,0.0,0.0,76.1,59.0,07/26,ME1304,  2,0,True,59.0,0.43,,61,,,1283,False,,,0.0,0.0,0.0,False,False,0,,,,,C,,  1,2025-05-09 15:34:59.999
2025-05-09,80,CCB,2025-05-09 15:34:59.999,,1061,   6648,,GD124006AS,1,0,0.0,15.12,11.5,10.81,10.81,0.0,0.0,04/27,6.0,6.0,0.0,0.0,0.69,0.69,0.0,0.0,15.12,11.5,04/27,GD124006AS,  2,0,True,11.5,0.69,,62,,,1281,False,,,0.0,0.0,0.0,False,False,1,,,,,C,,  1,2025-05-09 00:00:00.000
2025-05-09,80,CCB,2025-05-09 15:34:59.999,,1061,   6647,,5043C84301,1,0,0.0,46.1,35.57,34.57,34.57,0.0,0.0,07/26,6.0,6.0,0.0,0.0,2.134,2.134,0.0,0.0,46.1,35.57,07/26,5043C84301,  2,0,True,35.57,1.0,,63,,,1282,False,,,0.0,0.0,0.0,False,False,1,,,,,C,,  1,2025-05-09 00:00:00.000
2025-05-09,80,CCB,2025-05-09 15:34:59.999,,1061,   6311,,ME1304,1,0,0.0,76.1,59.0,58.57,58.57,0.0,0.0,07/26,6.0,6.0,0.0,0.0,3.54,3.54,0.0,0.0,76.1,59.0,07/26,ME1304,  2,0,True,59.0,0.43,,64,,,1283,False,,,0.0,0.0,0.0,False,False,1,,,,,C,,  1,2025-05-09 00:00:00.000
2025-05-09,80,CCB,2025-05-09 15:34:59.999,,1061,   6648,,GD124006AS,10,0,0.0,15.12,11.5,10.81,10.81,0.0,0.0,04/27,6.0,6.0,0.0,0.0,6.9,6.9,0.0,0.0,15.12,11.5,04/27,GD124006AS,  2,0,True,11.5,6.9,,65,,,1284,False,,,0.0,0.0,0.0,False,False,1,,,,,C,,  1,2025-05-09 15:40:34.999
2025-05-03,70,CCB,2025-05-08 09:50:10.000,,1061,   6597,,410,15,0,0.0,11.4,5.1,4.9,4.9,0.0,0.0,03/27,6.0,6.0,0.0,0.0,4.59,4.59,0.0,0.0,11.4,5.1,03/27,410,  2,0,True,5.1,3.0,,46,,,1165,False,,,0.0,0.0,0.0,False,False,4,,,,,C,,  1,2025-05-09 00:00:00.000
2025-05-03,70,CCB,2025-05-08 09:50:10.000,,1061,   6597,,DM9226,5,0,0.0,11.4,5.1,4.9,4.9,0.0,0.0,03/27,6.0,6.0,0.0,0.0,1.53,1.53,0.0,0.0,11.4,5.1,03/27,DM9226,  2,0,True,5.1,1.0,,47,,,956,False,,,0.0,0.0,0.0,False,False,4,,,,,C,,  1,2025-05-09 00:00:00.000
2025-05-03,70,CCB,2025-05-08 09:50:10.000,,1061,   4279,,L0342405A,10,0,0.0,108.0,40.0,30.0,30.0,0.0,0.0,07/26,6.0,6.0,0.0,0.0,24.0,24.0,0.0,0.0,108.0,40.0,07/26,L0342405A,  2,0,False,40.0,100.0,,48,,,953,False,,,0.0,0.0,0.0,False,False,4,,,,,C,,  1,2025-05-09 00:00:00.000
2025-05-03,70,CCB,2025-05-08 09:50:10.000,,1061,   6494,,0425003,10,0,0.0,6.16,4.95,4.8,4.8,0.0,0.0,12/27,6.0,6.0,0.0,0.0,2.97,2.97,0.0,0.0,6.16,4.95,12/27,0425003,  2,0,True,6.16,1.5,,49,,,1147,False,,,0.0,0.0,0.0,False,False,4,,,,,C,C,  1,2025-05-09 16:14:26.999
2025-05-13,14,CSB,2025-05-13 11:49:15.999,,1022,   6464,,4C40255,1,0,0.0,22.0,9.8,9.5,9.5,0.0,0.0,03/27,6.0,6.0,0.0,0.0,0.588,0.588,0.0,0.0,22.0,9.8,03/27,4C40255,  2,0,True,11.0,0.3,,62,,,431,False,,,0.0,0.0,0.0,False,False,0,,,,,C,,  1,2025-05-13 00:00:00.000
2025-05-13,14,CSB,2025-05-13 11:49:15.999,,1022,   1882,,ELF8AG4002,1,0,0.0,3800.0,2026.96,1250.0,1250.0,0.0,0.0,02/27,6.0,6.0,0.0,0.0,121.618,121.618,0.0,0.0,3800.0,2026.96,02/27,ELF8AG4002,  2,0,False,1500.0,776.96,,63,,,591,False,,,0.0,0.0,0.0,False,False,0,,,,,C,,  1,2025-05-13 11:49:39.999
2025-05-20,92,CCB,2025-05-20 11:28:21.999,,1061,   2430,,BK50250094,10,0,0.0,27.0,21.6,20.52,21.6,0.0,0.0,02/27,2.5,2.5,0.0,0.0,5.4,5.4,0.0,0.0,27.0,21.6,02/27,BK50250094,  2,0,False,21.6,10.8,,81,,,1275,False,,,0.0,0.0,0.0,False,False,0,,,,,C,D,  1,2025-05-21 00:00:00.000
2025-05-20,92,CCB,2025-05-20 11:28:21.999,,1061,   2655,,OI24290,6,0,0.0,275.0,55.0,42.0,42.0,0.0,0.0,11/26,2.5,2.5,0.0,0.0,8.25,8.25,0.0,0.0,275.0,55.0,11/26,OI24290,  2,0,False,55.0,78.0,,82,,,1302,False,,,0.0,0.0,0.0,False,False,0,,,,,C,C,  1,2025-05-21 00:00:00.000
2025-05-20,92,CCB,2025-05-20 11:28:21.999,,1061,   2655,,OI25018,4,0,0.0,275.0,55.0,42.0,42.0,0.0,0.0,12/26,2.5,2.5,0.0,0.0,5.5,5.5,0.0,0.0,275.0,55.0,12/26,OI25018,  2,0,False,55.0,52.0,,83,,,1312,False,,,0.0,0.0,0.0,False,False,0,,,,,C,C,  1,2025-05-21 00:00:00.000
2025-05-20,92,CCB,2025-05-20 11:28:21.999,,1061,   2071,,87240388AA,3,0,0.0,1168.36,714.28,600.0,600.0,0.0,0.0,09/26,6.0,6.0,0.0,0.0,128.57,128.57,0.0,0.0,1168.36,714.28,09/26,87240388AA,  2,0,False,714.28,342.84,,84,,,1313,False,,,0.0,0.0,0.0,False,False,0,,,,,C,C,  1,2025-05-21 00:00:00.000
2025-05-20,92,CCB,2025-05-20 11:28:21.999,,1061,   3930,,394070,1,0,0.0,2452.0,780.0,720.0,720.0,0.0,0.0,06/26,6.0,6.0,0.0,0.0,46.8,46.8,0.0,0.0,2452.0,780.0,06/26,394070,  2,0,False,780.0,60.0,,85,,,1156,False,,,0.0,0.0,0.0,False,False,0,,,,,C,D,  1,2025-05-21 00:00:00.000
2025-05-20,92,CCB,2025-05-20 11:28:21.999,,1061,   3931,,392042,1,0,0.0,581.5,214.28,140.0,140.0,0.0,0.0,10/26,6.0,6.0,0.0,0.0,12.857,12.857,0.0,0.0,581.5,214.28,10/26,392042,  2,0,False,214.28,74.28,,86,,,1160,False,,,0.0,0.0,0.0,False,False,0,,,,,C,C,  1,2025-05-21 00:00:00.000
2025-05-20,92,CCB,2025-05-20 11:28:21.999,,1061,   6223,,B400146,1,0,0.0,59995.0,9750.0,6190.48,6190.48,0.0,0.0,01/26,2.5,2.5,0.0,0.0,243.75,243.75,0.0,0.0,59995.0,9750.0,01/26,B400146,  2,0,False,9750.0,3559.52,,87,,,1314,False,,,0.0,0.0,0.0,False,False,0,,,,,C,D,  1,2025-05-21 15:16:06.999
2025-05-21,95,CCB,2025-05-21 16:33:20.000,,1089,   1111,,BC24314C,2,0,0.0,8448.72,1339.74,535.71,535.71,0.0,0.0,08/26,6.0,6.0,0.0,0.0,160.769,160.769,0.0,0.0,8448.72,1339.74,08/26,BC24314C,  2,0,False,1339.74,1608.06,,99,,,1200,False,,,0.0,0.0,0.0,False,False,0,,,,,C,,  1,2025-05-21 00:00:00.000
2025-05-21,95,CCB,2025-05-21 16:33:20.000,,1089,   2894,,4480209,2,0,0.0,1299.17,325.0,130.0,130.0,0.0,0.0,10/27,6.0,6.0,0.0,0.0,39.0,39.0,0.0,0.0,1299.17,325.0,10/27,4480209,  2,0,True,178.85,390.0,,100,,,1202,False,,,0.0,0.0,0.0,False,False,0,,,,,C,,  1,2025-05-21 16:42:56.000
2025-05-21,95,CCB,2025-05-21 16:42:56.000,,1089,   1111,,BC24314C,2,0,0.0,8448.72,1339.74,535.71,535.71,0.0,0.0,08/26,6.0,6.0,0.0,0.0,160.769,160.769,0.0,0.0,8448.72,1339.74,08/26,BC24314C,  2,0,False,1339.74,1608.06,,105,,,1200,False,,,0.0,0.0,0.0,False,False,1,,,,,C,,  1,2025-05-21 00:00:00.000
2025-05-21,95,CCB,2025-05-21 16:42:56.000,,1089,   2894,,4480209,2,0,0.0,1299.17,325.0,130.0,130.0,0.0,0.0,10/27,6.0,6.0,0.0,0.0,39.0,39.0,0.0,0.0,1299.17,325.0,10/27,4480209,  2,0,True,178.85,390.0,,106,,,1202,False,,,0.0,0.0,0.0,False,False,1,,,,,C,,  1,2025-05-21 00:00:00.000
2025-05-21,95,CCB,2025-05-21 16:42:56.000,,1089,   3824,,1940024,1,0,0.0,2500.0,1100.0,850.0,850.0,0.0,0.0,06/27,6.0,6.0,0.0,0.0,66.0,66.0,0.0,0.0,2500.0,1100.0,06/27,1940024,  2,0,False,1100.0,250.0,,107,,,632,False,,,0.0,0.0,0.0,False,False,1,,,,,C,C,  1,2025-05-21 16:43:35.999
2025-05-22,96,CCB,2025-05-22 10:12:55.000,,1061,   6547,,OL0872,1,0,0.0,12000.0,2110.58,1650.0,1650.0,0.0,0.0,11/26,6.0,6.0,0.0,0.0,126.635,126.635,0.0,0.0,12000.0,2110.58,11/26,OL0872,  2,0,True,2110.58,460.58,,111,,,1027,False,,,0.0,0.0,0.0,False,False,0,,,,,C,,  1,2025-05-22 00:00:00.000
2025-05-22,96,CCB,2025-05-22 10:12:55.000,,1061,   6491,,VH1034037,20,0,0.0,29.7,9.82,8.5,8.5,0.0,0.0,11/25,6.0,6.0,0.0,0.0,11.784,11.784,0.0,0.0,29.7,9.82,11/25,VH1034037,  2,0,True,12.0,26.4,,112,,,828,False,,,0.0,0.0,0.0,False,False,0,,,,,C,C,  1,2025-05-22 13:41:54.999
2025-05-22,97,CCB,2025-05-22 14:47:38.999,,1061,   2383,,05241726,5,0,0.0,1314.0,225.0,180.0,180.0,0.0,0.0,10/26,6.0,6.0,0.0,0.0,67.5,67.5,0.0,0.0,1314.0,225.0,10/26,05241726,  2,0,False,225.0,225.0,,117,,,1304,False,,,0.0,0.0,0.0,False,False,0,,,,,C,,  1,2025-05-22 00:00:00.000
2025-05-22,97,CCB,2025-05-22 14:47:38.999,,1061,   6585,,24GK07G,10,0,0.0,56.5,11.5,8.25,8.25,0.0,0.0,10/26,6.0,6.0,0.0,0.0,6.9,6.9,0.0,0.0,56.5,11.5,10/26,24GK07G,  2,0,True,11.5,32.5,,118,,,903,False,,,0.0,0.0,0.0,False,False,0,,,,,C,,  1,2025-05-22 00:00:00.000
2025-05-22,97,CCB,2025-05-22 14:47:38.999,,1061,   6561,,V4471469,4,0,0.0,46.9,33.5,15.05,15.05,0.0,0.0,09/26,2.5,2.5,0.0,0.0,3.35,3.35,0.0,0.0,46.9,33.5,09/26,V4471469,  2,0,True,19.64,73.8,,119,,,825,False,,,0.0,0.0,0.0,False,False,0,,,,,C,C,  1,2025-05-22 00:00:00.000
2025-05-22,97,CCB,2025-05-22 14:47:38.999,,1061,   6561,,V4471565,6,0,0.0,46.9,19.64,15.05,15.05,0.0,0.0,09/26,2.5,2.5,0.0,0.0,2.946,2.946,0.0,0.0,46.9,19.64,09/26,V4471565,  2,0,True,19.64,27.54,,120,,,1321,False,,,0.0,0.0,0.0,False,False,0,,,,,C,,  1,2025-05-22 15:40:28.999
2025-05-20,92,CCB,2025-05-21 15:16:06.999,,1061,   2655,,OI24290,6,0,0.0,275.0,55.0,42.0,42.0,0.0,0.0,11/26,2.5,2.5,0.0,0.0,8.25,8.25,0.0,0.0,275.0,55.0,11/26,OI24290,  2,0,False,55.0,78.0,,90,,,1302,False,,,0.0,0.0,0.0,False,False,1,,,,,C,,  1,2025-05-22 00:00:00.000
2025-05-20,92,CCB,2025-05-21 15:16:06.999,,1061,   2655,,OI25018,2,0,0.0,275.0,55.0,42.0,42.0,0.0,0.0,12/26,2.5,2.5,0.0,0.0,2.75,2.75,0.0,0.0,275.0,55.0,12/26,OI25018,  2,0,False,55.0,26.0,,91,,,1312,False,,,0.0,0.0,0.0,False,False,1,,,,,C,,  1,2025-05-22 00:00:00.000
2025-05-20,92,CCB,2025-05-21 15:16:06.999,,1061,   2071,,87240388AA,1,0,0.0,1168.36,714.28,600.0,600.0,0.0,0.0,09/26,6.0,6.0,0.0,0.0,42.857,42.857,0.0,0.0,1168.36,714.28,09/26,87240388AA,  2,0,False,714.28,114.28,,92,,,1313,False,,,0.0,0.0,0.0,False,False,1,,,,,C,,  1,2025-05-22 00:00:00.000
2025-05-20,92,CCB,2025-05-21 15:16:06.999,,1061,   3931,,392042,1,0,0.0,581.5,214.28,140.0,140.0,0.0,0.0,10/26,6.0,6.0,0.0,0.0,12.857,12.857,0.0,0.0,581.5,214.28,10/26,392042,  2,0,False,214.28,74.28,,93,,,1160,False,,,0.0,0.0,0.0,False,False,1,,,,,C,,  1,2025-05-22 15:42:26.999
2025-05-20,92,CCB,2025-05-22 15:42:26.999,,1061,   2655,,OI24290,6,0,0.0,275.0,55.0,42.0,42.0,0.0,0.0,11/26,2.5,2.5,0.0,0.0,8.25,8.25,0.0,0.0,275.0,55.0,11/26,OI24290,  2,0,False,55.0,78.0,,125,,,1302,False,,,0.0,0.0,0.0,False,False,2,,,,,C,,  1,2025-05-22 00:00:00.000
2025-05-20,92,CCB,2025-05-22 15:42:26.999,,1061,   2655,,OI25018,2,0,0.0,275.0,55.0,42.0,42.0,0.0,0.0,12/26,2.5,2.5,0.0,0.0,2.75,2.75,0.0,0.0,275.0,55.0,12/26,OI25018,  2,0,False,55.0,26.0,,126,,,1312,False,,,0.0,0.0,0.0,False,False,2,,,,,C,,  1,2025-05-22 00:00:00.000
2025-05-20,92,CCB,2025-05-22 15:42:26.999,,1061,   2071,,87240388AA,1,0,0.0,1168.36,714.28,600.0,600.0,0.0,0.0,09/26,6.0,6.0,0.0,0.0,42.857,42.857,0.0,0.0,1168.36,714.28,09/26,87240388AA,  2,0,False,714.28,114.28,,127,,,1313,False,,,0.0,0.0,0.0,False,False,2,,,,,C,,  1,2025-05-22 00:00:00.000
2025-05-20,92,CCB,2025-05-22 15:42:26.999,,1061,   3931,,392042,1,0,0.0,581.5,214.28,140.0,140.0,0.0,0.0,10/26,6.0,6.0,0.0,0.0,12.857,12.857,0.0,0.0,581.5,214.28,10/26,392042,  2,0,False,214.28,74.28,,128,,,1160,False,,,0.0,0.0,0.0,False,False,2,,,,,C,,  1,2025-05-22 15:43:23.000
2025-05-23,19,CSB,2025-05-23 16:51:00.999,,5,   1503,,4GJ0360,1,0,0.0,21450.0,10267.85,8500.0,8500.0,0.0,0.0,04/26,6.0,6.0,0.0,0.0,616.071,616.071,0.0,0.0,21450.0,10267.85,04/26,4GJ0360,  2,0,False,9700.0,1767.85,,135,,,1324,False,,,0.0,0.0,0.0,False,False,0,,,,,C,D,  1,2025-05-24 00:00:00.000
2025-05-23,19,CSB,2025-05-23 16:51:00.999,,5,    429,,M11512406H,1,0,0.0,8625.0,5900.0,5700.0,5700.0,0.0,0.0,08/26,6.0,6.0,0.0,0.0,354.0,354.0,0.0,0.0,8625.0,5900.0,08/26,M11512406H,  2,0,False,5900.0,200.0,,136,,,1325,False,,,0.0,0.0,0.0,False,False,0,,,,,C,,  1,2025-05-24 09:58:28.999
2025-05-23,19,CSB,2025-05-24 09:58:28.999,,5,    429,,M11512406H,1,0,0.0,8625.0,5900.0,5700.0,5700.0,0.0,0.0,08/26,6.0,6.0,0.0,0.0,354.0,354.0,0.0,0.0,8625.0,5900.0,08/26,M11512406H,  2,0,False,5900.0,200.0,,137,,,1325,False,,,0.0,0.0,0.0,False,False,1,,,,,C,,  1,2025-05-24 09:58:53.999
2025-05-17,90,CCB,2025-05-17 15:08:23.000,,1093,   6583,,25DB39Y,50,0,0.0,69.8,22.0,16.99,16.99,0.0,0.0,01/27,6.0,6.0,0.0,0.0,66.0,66.0,0.0,0.0,69.8,22.0,01/27,25DB39Y,  2,0,True,22.0,250.5,,74,,,1141,False,,,0.0,0.0,0.0,False,False,0,,,,,C,,  1,2025-06-02 00:00:00.000
2025-05-17,90,CCB,2025-05-17 15:08:23.000,,1093,   2765,,KA24024,3,0,0.0,397.62,282.2,250.0,250.0,0.0,0.0,04/27,2.5,2.5,0.0,0.0,21.165,21.165,0.0,0.0,397.62,282.2,04/27,KA24024,  2,0,False,282.2,96.6,,75,,,197,False,,,0.0,0.0,0.0,False,False,0,,,,,C,,  1,2025-06-02 00:00:00.000
2025-05-17,90,CCB,2025-05-17 15:08:23.000,,1093,   6457,,DJ40479,30,0,0.0,448.8,38.39,28.0,28.0,0.0,0.0,08/26,6.0,6.0,0.0,0.0,69.102,69.102,0.0,0.0,448.8,38.39,08/26,DJ40479,  2,0,True,38.39,311.7,,76,,,1212,False,,,0.0,0.0,0.0,False,False,0,,,,,C,,  1,2025-06-02 00:00:00.000
2025-05-17,90,CCB,2025-05-17 15:08:23.000,,1093,   3933,,1255163,20,0,0.0,30.6,14.7,12.0,12.0,0.0,0.0,12/25,6.0,6.0,0.0,0.0,17.64,17.64,0.0,0.0,30.6,14.7,12/25,1255163,  2,0,False,14.7,54.0,,77,,,1308,False,,,0.0,0.0,0.0,False,False,0,,,,,C,D,  1,2025-06-02 16:37:23.000
2025-06-04,113,CCB,2025-06-04 17:52:54.000,,1051,    561,,DCA250040,50,0,0.0,69.87,49.9,24.95,49.9,0.0,0.0,06/27,6.0,6.0,0.0,0.0,149.7,149.7,0.0,0.0,69.87,49.9,06/27,DCA250040,  2,0,False,49.9,1247.5,,14,,,1345,False,,,0.0,0.0,0.0,False,False,0,,,,,C,,  1,2025-06-04 00:00:00.000
2025-06-04,113,CCB,2025-06-04 17:52:54.000,,1051,   6553,,25770016,75,0,0.0,56.5,25.56,15.56,15.56,0.0,0.0,01/27,6.0,6.0,0.0,0.0,115.02,115.02,0.0,0.0,56.5,25.56,01/27,25770016,  2,0,True,25.56,750.0,,15,,,1346,False,,,0.0,0.0,0.0,False,False,0,,,,,C,,  1,2025-06-04 00:00:00.000
2025-06-04,113,CCB,2025-06-04 17:52:54.000,,1051,   6675,,0324033,20,0,0.0,12.59,9.64,9.44,9.44,0.0,0.0,11/27,6.0,6.0,0.0,0.0,11.568,11.568,0.0,0.0,12.59,9.64,11/27,0324033,  2,0,True,9.64,4.0,,16,,,1347,False,,,0.0,0.0,0.0,False,False,0,,,,,C,,  1,2025-06-04 00:00:00.000
2025-06-04,113,CCB,2025-06-04 17:52:54.000,,1051,   1571,,4A00393,40,0,0.0,13.35,7.8,5.8,5.8,0.0,0.0,06/27,6.0,6.0,0.0,0.0,18.72,18.72,0.0,0.0,13.35,7.8,06/27,4A00393,  2,0,False,7.8,80.0,,17,,,1103,False,,,0.0,0.0,0.0,False,False,0,,,,,C,,  1,2025-06-04 00:00:00.000
2025-06-04,113,CCB,2025-06-04 17:52:54.000,,1051,   1571,,4S60237,10,0,0.0,13.35,7.8,5.8,5.8,0.0,0.0,09/27,6.0,6.0,0.0,0.0,4.68,4.68,0.0,0.0,13.35,7.8,09/27,4S60237,  2,0,False,7.8,20.0,,18,,,1253,False,,,0.0,0.0,0.0,False,False,0,,,,,C,,  1,2025-06-04 00:00:00.000
2025-06-04,113,CCB,2025-06-04 17:52:54.000,,1051,   6660,,MON014013,20,0,0.0,12.14,9.0,7.881,8.67,0.0,0.0,08/28,6.0,6.0,0.0,0.0,10.8,10.8,0.0,0.0,12.14,9.0,08/28,MON014013,  2,0,True,9.0,22.38,,19,,,1254,False,,,0.0,0.0,0.0,False,False,0,,,,,C,,  1,2025-06-04 00:00:00.000
2025-06-04,113,CCB,2025-06-04 17:52:54.000,,1051,   6466,,MED20724,3,0,0.0,65.7,32.0,24.8,24.8,0.0,0.0,12/25,6.0,6.0,0.0,0.0,5.76,5.76,0.0,0.0,65.7,32.0,12/25,MED20724,  2,0,True,32.0,21.6,,20,,,433,False,,,0.0,0.0,0.0,False,False,0,,,,,C,,  1,2025-06-04 00:00:00.000
2025-06-04,113,CCB,2025-06-04 17:52:54.000,,1051,   6631,,512025,200,0,0.0,5.4,2.0,1.85,1.85,0.0,0.0,02/30,6.0,6.0,0.0,0.0,24.0,24.0,0.0,0.0,5.4,2.0,02/30,512025,  2,0,True,2.0,30.0,,21,,,1348,False,,,0.0,0.0,0.0,False,False,0,,,,,C,,  1,2025-06-04 00:00:00.000
2025-06-04,113,CCB,2025-06-04 17:52:54.000,,1051,   6507,,515055SR1,100,0,0.0,10.0,3.45,2.7,2.7,0.0,0.0,03/30,6.0,6.0,0.0,0.0,20.7,20.7,0.0,0.0,10.0,3.45,03/30,515055SR1,  2,0,True,3.45,75.0,,22,,,1349,False,,,0.0,0.0,0.0,False,False,0,,,,,C,,  1,2025-06-04 00:00:00.000
2025-06-04,113,CCB,2025-06-04 17:52:54.000,,1051,   6630,,519105JE1,50,0,0.0,13.0,5.0,3.8,3.8,0.0,0.0,04/30,6.0,6.0,0.0,0.0,15.0,15.0,0.0,0.0,13.0,5.0,04/30,519105JE1,  2,0,True,5.0,60.0,,23,,,1350,False,,,0.0,0.0,0.0,False,False,0,,,,,C,,  1,2025-06-04 00:00:00.000
2025-06-04,113,CCB,2025-06-04 17:52:54.000,,1051,   6676,,ROUND,1,0,0.0,399.0,100.0,65.0,65.0,0.0,0.0,10/28,6.0,6.0,0.0,0.0,6.0,6.0,0.0,0.0,399.0,100.0,10/28,ROUND,  2,0,True,100.0,35.0,,24,,,1351,False,,,0.0,0.0,0.0,False,False,0,,,,,C,,  1,2025-06-04 00:00:00.000
2025-06-04,113,CCB,2025-06-04 17:52:54.000,,1051,   6300,,517433,50,0,0.0,21.5,5.58,4.8,4.8,0.0,0.0,03/28,6.0,6.0,0.0,0.0,16.74,16.74,0.0,0.0,21.5,5.58,03/28,517433,  2,0,True,5.58,39.0,,25,,,1352,False,,,0.0,0.0,0.0,False,False,0,,,,,C,,  1,2025-06-04 17:59:35.000
2025-06-05,114,CCB,2025-06-05 10:31:02.999,,1061,   2655,,OI25018,6,0,0.0,275.0,55.0,42.0,42.0,0.0,0.0,12/26,2.5,2.5,0.0,0.0,8.25,8.25,0.0,0.0,275.0,55.0,12/26,OI25018,  2,0,True,55.0,78.0,,41,,,1338,False,,,0.0,0.0,0.0,False,False,0,,,,,C,,  1,2025-06-05 00:00:00.000
2025-06-05,114,CCB,2025-06-05 10:31:02.999,,1061,   2430,,BK50250094,10,0,0.0,27.0,21.6,21.6,21.6,0.0,0.0,02/27,2.5,2.5,0.0,0.0,5.4,5.4,0.0,0.0,27.0,21.6,02/27,BK50250094,  2,0,False,21.6,0.0,,42,,,1355,False,,,0.0,0.0,0.0,False,False,0,,,,,C,,  1,2025-06-05 00:00:00.000
2025-06-05,114,CCB,2025-06-05 10:31:02.999,,1061,   2071,,87240388AA,2,0,0.0,1168.36,714.28,600.0,600.0,0.0,0.0,09/26,6.0,6.0,0.0,0.0,85.714,85.714,0.0,0.0,1168.36,714.28,09/26,87240388AA,  2,0,True,714.28,228.56,,43,,,1313,False,,,0.0,0.0,0.0,False,False,0,,,,,C,,  1,2025-06-05 00:00:00.000
2025-06-05,114,CCB,2025-06-05 10:31:02.999,,1061,   6650,,ELD7AM4010,1,0,0.0,2345.64,490.25,390.0,390.0,0.0,0.0,09/26,2.5,2.5,0.0,0.0,12.256,12.256,0.0,0.0,2345.64,490.25,09/26,ELD7AM4010,  2,0,True,490.25,100.25,,44,,,1305,False,,,0.0,0.0,0.0,False,False,0,,,,,C,D,  1,2025-06-05 00:00:00.000
2025-06-05,114,CCB,2025-06-05 10:31:02.999,,1061,   6650,,ELD7AM4010,2,0,0.0,2345.64,490.25,390.0,390.0,0.0,0.0,09/26,2.5,2.5,0.0,0.0,24.513,24.513,0.0,0.0,2345.64,490.25,09/26,ELD7AM4010,  2,0,True,490.25,200.5,,45,,,1356,False,,,0.0,0.0,0.0,False,False,0,,,,,C,,  1,2025-06-05 10:37:25.000
2025-06-07,122,CCB,2025-06-07 14:40:44.999,,1061,   2430,,BK50250094,5,0,0.0,27.0,21.6,21.6,21.6,0.0,0.0,02/27,2.5,2.5,0.0,0.0,2.7,2.7,0.0,0.0,27.0,21.6,02/27,BK50250094,  2,0,False,21.6,0.0,,47,,,1355,False,,,0.0,0.0,0.0,False,False,0,,,,,C,,  1,2025-06-07 00:00:00.000
2025-06-07,122,CCB,2025-06-07 14:40:44.999,,1061,   3932,,172517,1,0,0.0,1773.0,517.86,494.96,494.96,0.0,0.0,10/25,6.0,6.0,0.0,0.0,31.072,31.072,0.0,0.0,1773.0,517.86,10/25,172517,  2,0,False,517.86,22.9,,48,,,1367,False,,,0.0,0.0,0.0,False,False,0,,,,,C,,  1,2025-06-07 00:00:00.000
2025-06-07,122,CCB,2025-06-07 14:40:44.999,,1061,   2082,,87240093AB,1,0,0.0,992.0,620.0,600.0,600.0,0.0,0.0,01/26,6.0,6.0,0.0,0.0,37.2,37.2,0.0,0.0,992.0,620.0,01/26,87240093AB,  2,0,False,620.0,20.0,,49,,,1296,False,,,0.0,0.0,0.0,False,False,0,,,,,C,,  1,2025-06-07 00:00:00.000
2025-06-07,122,CCB,2025-06-07 14:40:44.999,,1061,   2082,,87240093AB,1,0,0.0,992.0,630.0,625.0,625.0,0.0,0.0,01/26,6.0,6.0,0.0,0.0,37.8,37.8,0.0,0.0,992.0,630.0,01/26,87240093AB,  2,0,False,630.0,5.0,,50,,,1368,False,,,0.0,0.0,0.0,False,False,0,,,,,C,,  1,2025-06-07 00:00:00.000
2025-06-07,122,CCB,2025-06-07 14:40:44.999,,1061,   6597,,410,20,0,0.0,11.4,5.1,4.9,4.9,0.0,0.0,03/27,6.0,6.0,0.0,0.0,6.12,6.12,0.0,0.0,11.4,5.1,03/27,410,  2,0,True,5.1,4.0,,51,,,1372,False,,,0.0,0.0,0.0,False,False,0,,,,,C,,  1,2025-06-07 14:53:57.999
2025-06-07,123,CCB,2025-06-07 14:45:46.000,,1061,   6684,,BPAL2502ZI,1,0,0.0,9000.0,2110.58,1450.0,1450.0,0.0,0.0,12/26,6.0,6.0,0.0,0.0,126.635,126.635,0.0,0.0,9000.0,2110.58,12/26,BPAL2502ZI,  2,0,True,1750.0,660.58,,52,,,1370,False,,,0.0,0.0,0.0,False,False,0,,,,,C,,  1,2025-06-07 14:56:46.000
2025-06-02,21,CSB,2025-06-02 16:09:41.000,,5,    631,,BXK4GT1,1,0,0.0,2192.0,1585.0,1534.396,1565.71,0.0,0.0,11/26,6.0,6.0,0.0,0.0,95.1,95.1,0.0,0.0,2192.0,1585.0,11/26,BXK4GT1,,0,False,1585.0,50.6,,3,,,1340,False,,,0.0,0.0,0.0,False,False,0,,,,,C,,  1,2025-06-10 12:50:04.999
2025-06-11,131,CCB,2025-06-11 11:11:18.999,,1061,   3930,,394069,1,0,0.0,2452.0,780.0,720.0,720.0,0.0,0.0,05/26,6.0,6.0,0.0,0.0,46.8,46.8,0.0,0.0,2452.0,780.0,05/26,394069,,0,False,780.0,60.0,,75,,,1157,False,,,0.0,0.0,0.0,False,False,0,,,,,C,,  1,2025-06-11 00:00:00.000
2025-06-11,131,CCB,2025-06-11 11:11:18.999,,1061,   3931,,392042,1,0,0.0,581.5,214.28,140.0,140.0,0.0,0.0,10/26,6.0,6.0,0.0,0.0,12.857,12.857,0.0,0.0,581.5,214.28,10/26,392042,,0,True,214.28,74.28,,76,,,1160,False,,,0.0,0.0,0.0,False,False,0,,,,,C,,  1,2025-06-11 15:22:24.999
2025-06-13,25,CSB,2025-06-13 21:54:50.000,,5,     32,,ZEK0008,1,0,0.0,1067.0,476.339,180.0,180.0,0.0,0.0,12/25,6.0,6.0,0.0,0.0,28.58,28.58,0.0,0.0,1067.0,476.339,12/25,ZEK0008,,0,False,223.21,296.34,,83,,,34,False,,,0.0,0.0,0.0,False,False,0,,,,,C,,  1,2025-06-13 00:00:00.000
2025-06-13,25,CSB,2025-06-13 21:54:50.000,,5,   6607,,D0022501L,2,0,0.0,809.78,325.0,75.0,75.0,0.0,0.0,12/26,6.0,6.0,0.0,0.0,39.0,39.0,0.0,0.0,809.78,325.0,12/26,D0022501L,,0,True,220.0,500.0,,84,,,1012,False,,,0.0,0.0,0.0,False,False,0,,,,,C,,  1,2025-06-13 00:00:00.000
2025-06-13,25,CSB,2025-06-13 21:54:50.000,,5,   6612,,24GK04R,1,0,0.0,349.0,140.22,18.99,18.99,0.0,0.0,10/26,6.0,6.0,0.0,0.0,8.413,8.413,0.0,0.0,349.0,140.22,10/26,24GK04R,,0,True,32.14,121.23,,85,,,1020,False,,,0.0,0.0,0.0,False,False,0,,,,,C,,  1,2025-06-13 00:00:00.000
2025-06-13,25,CSB,2025-06-13 21:54:50.000,,5,   6614,,KAW2402,1,0,0.0,299.0,120.0,26.0,26.0,0.0,0.0,00/00,9.0,9.0,0.0,0.0,10.8,10.8,0.0,0.0,299.0,120.0,00/00,KAW2402,,0,True,35.0,94.0,,86,,,1084,False,,,0.0,0.0,0.0,False,False,0,,,,,C,,  1,2025-06-13 00:00:00.000
2025-06-13,25,CSB,2025-06-13 21:54:50.000,,5,   6586,,ITHF407,2,0,0.0,26.38,11.0,4.49,4.49,0.0,0.0,05/26,6.0,6.0,0.0,0.0,1.32,1.32,0.0,0.0,26.38,11.0,05/26,ITHF407,,0,True,11.0,13.02,,87,,,904,False,,,0.0,0.0,0.0,False,False,0,,,,,C,,  1,2025-06-13 00:00:00.000
2025-06-13,25,CSB,2025-06-13 21:54:50.000,,5,   6347,,24334,3,0,0.0,28.25,18.0,17.0,17.0,0.0,0.0,09/27,6.0,6.0,0.0,0.0,3.24,3.24,0.0,0.0,28.25,18.0,09/27,24334,,0,True,18.0,3.0,,88,,,1112,False,,,0.0,0.0,0.0,False,False,0,,,,,C,,  1,2025-06-13 00:00:00.000
2025-06-13,25,CSB,2025-06-13 21:54:50.000,,5,   6550,,MA24A64,1,0,0.0,22.5,12.0,5.17,5.17,0.0,0.0,06/25,6.0,6.0,0.0,0.0,0.72,0.72,0.0,0.0,22.5,12.0,06/25,MA24A64,,0,True,12.0,6.83,,89,,,1167,False,,,0.0,0.0,0.0,False,False,0,,,,,C,,  1,2025-06-13 00:00:00.000
2025-06-13,25,CSB,2025-06-13 21:54:50.000,,5,   6261,,PT23RL0139C,3,0,0.0,63.26,19.5,18.5,18.5,0.0,0.0,10/25,6.0,6.0,0.0,0.0,3.51,3.51,0.0,0.0,63.26,19.5,10/25,PT23RL0139C,,0,True,19.5,3.0,,90,,,54,False,,,0.0,0.0,0.0,False,False,0,,,,,C,,  1,2025-06-13 00:00:00.000
2025-06-13,25,CSB,2025-06-13 21:54:50.000,,5,   6630,,505105NG1,2,0,0.0,23.0,15.0,3.95,3.95,0.0,0.0,12/29,6.0,6.0,0.0,0.0,1.8,1.8,0.0,0.0,23.0,15.0,12/29,505105NG1,,0,True,5.0,22.1,,91,,,1089,False,,,0.0,0.0,0.0,False,False,0,,,,,C,,  1,2025-06-13 00:00:00.000
2025-06-13,25,CSB,2025-06-13 21:54:50.000,,5,   6507,,429104JG2,2,0,0.0,7.5,5.0,2.45,2.45,0.0,0.0,06/29,6.0,6.0,0.0,0.0,0.6,0.6,0.0,0.0,7.5,5.0,06/29,429104JG2,,0,True,3.45,5.1,,92,,,536,False,,,0.0,0.0,0.0,False,False,0,,,,,C,,  1,2025-06-13 00:00:00.000
2025-06-13,25,CSB,2025-06-13 21:54:50.000,,5,   6686,,112029,30,0,0.0,10.8,4.8,4.0,4.0,0.0,0.0,03/28,6.0,6.0,0.0,0.0,8.64,8.64,0.0,0.0,10.8,4.8,03/28,112029,,0,True,6.5,24.0,,93,,,1385,False,,,0.0,0.0,0.0,False,False,0,,,,,C,,  1,2025-06-13 21:55:57.000
2025-06-13,25,CSB,2025-06-13 21:55:57.000,,5,     32,,ZEK0008,1,0,0.0,1067.0,476.339,180.0,180.0,0.0,0.0,12/25,6.0,6.0,0.0,0.0,28.58,28.58,0.0,0.0,1067.0,476.339,12/25,ZEK0008,,0,False,223.21,296.34,,94,,,34,False,,,0.0,0.0,0.0,False,False,1,,,,,C,,  1,2025-06-13 00:00:00.000
2025-06-13,25,CSB,2025-06-13 21:55:57.000,,5,   6607,,D0022501L,2,0,0.0,809.78,325.0,75.0,75.0,0.0,0.0,12/26,6.0,6.0,0.0,0.0,39.0,39.0,0.0,0.0,809.78,325.0,12/26,D0022501L,,0,True,220.0,500.0,,95,,,1012,False,,,0.0,0.0,0.0,False,False,1,,,,,C,,  1,2025-06-13 00:00:00.000
2025-06-13,25,CSB,2025-06-13 21:55:57.000,,5,   6612,,24GK04R,1,0,0.0,349.0,140.22,18.99,18.99,0.0,0.0,10/26,6.0,6.0,0.0,0.0,8.413,8.413,0.0,0.0,349.0,140.22,10/26,24GK04R,,0,True,32.14,121.23,,96,,,1020,False,,,0.0,0.0,0.0,False,False,1,,,,,C,,  1,2025-06-13 00:00:00.000
2025-06-13,25,CSB,2025-06-13 21:55:57.000,,5,   6614,,KAW2402,1,0,0.0,299.0,120.0,26.0,26.0,0.0,0.0,00/00,9.0,9.0,0.0,0.0,10.8,10.8,0.0,0.0,299.0,120.0,00/00,KAW2402,,0,True,35.0,94.0,,97,,,1084,False,,,0.0,0.0,0.0,False,False,1,,,,,C,,  1,2025-06-13 00:00:00.000
2025-06-13,25,CSB,2025-06-13 21:55:57.000,,5,   6586,,ITHF407,2,0,0.0,26.38,11.0,4.49,4.49,0.0,0.0,05/26,6.0,6.0,0.0,0.0,1.32,1.32,0.0,0.0,26.38,11.0,05/26,ITHF407,,0,True,11.0,13.02,,98,,,904,False,,,0.0,0.0,0.0,False,False,1,,,,,C,,  1,2025-06-13 00:00:00.000
2025-06-13,25,CSB,2025-06-13 21:55:57.000,,5,   6347,,24334,3,0,0.0,28.25,18.0,17.0,17.0,0.0,0.0,09/27,6.0,6.0,0.0,0.0,3.24,3.24,0.0,0.0,28.25,18.0,09/27,24334,,0,True,18.0,3.0,,99,,,1112,False,,,0.0,0.0,0.0,False,False,1,,,,,C,,  1,2025-06-13 00:00:00.000
2025-06-13,25,CSB,2025-06-13 21:55:57.000,,5,   6550,,MA24A64,1,0,0.0,22.5,12.0,5.17,5.17,0.0,0.0,06/25,6.0,6.0,0.0,0.0,0.72,0.72,0.0,0.0,22.5,12.0,06/25,MA24A64,,0,True,12.0,6.83,,100,,,1167,False,,,0.0,0.0,0.0,False,False,1,,,,,C,,  1,2025-06-13 00:00:00.000
2025-06-13,25,CSB,2025-06-13 21:55:57.000,,5,   6261,,PT23RL0139C,3,0,0.0,63.26,19.5,18.5,18.5,0.0,0.0,10/25,6.0,6.0,0.0,0.0,3.51,3.51,0.0,0.0,63.26,19.5,10/25,PT23RL0139C,,0,True,19.5,3.0,,101,,,54,False,,,0.0,0.0,0.0,False,False,1,,,,,C,,  1,2025-06-13 00:00:00.000
2025-06-13,25,CSB,2025-06-13 21:55:57.000,,5,   6630,,505105NG1,2,0,0.0,23.0,15.0,3.95,3.95,0.0,0.0,12/29,6.0,6.0,0.0,0.0,1.8,1.8,0.0,0.0,23.0,15.0,12/29,505105NG1,,0,True,5.0,22.1,,102,,,1089,False,,,0.0,0.0,0.0,False,False,1,,,,,C,,  1,2025-06-13 00:00:00.000
2025-06-13,25,CSB,2025-06-13 21:55:57.000,,5,   6507,,429104JG2,2,0,0.0,7.5,5.0,2.45,2.45,0.0,0.0,06/29,6.0,6.0,0.0,0.0,0.6,0.6,0.0,0.0,7.5,5.0,06/29,429104JG2,,0,True,3.45,5.1,,103,,,536,False,,,0.0,0.0,0.0,False,False,1,,,,,C,,  1,2025-06-13 00:00:00.000
2025-06-13,25,CSB,2025-06-13 21:55:57.000,,5,   6686,,112029,30,0,0.0,10.8,4.8,4.0,4.0,0.0,0.0,03/28,6.0,6.0,0.0,0.0,8.64,8.64,0.0,0.0,10.8,4.8,03/28,112029,,0,True,6.5,24.0,,104,,,1385,False,,,0.0,0.0,0.0,False,False,1,,,,,C,,  1,2025-06-13 00:00:00.000
2025-06-13,25,CSB,2025-06-13 21:55:57.000,,5,   6624,,2403042024,1,0,0.0,173.0,50.0,48.5,48.5,0.0,0.0,05/27,6.0,6.0,0.0,0.0,3.0,3.0,0.0,0.0,173.0,50.0,05/27,2403042024,,0,True,50.0,1.5,,105,,,1061,False,,,0.0,0.0,0.0,False,False,1,,,,,C,,  1,2025-06-13 00:00:00.000
2025-06-13,25,CSB,2025-06-13 21:55:57.000,,5,   6464,,4C40255,3,0,0.0,22.0,9.8,9.5,9.5,0.0,0.0,03/27,6.0,6.0,0.0,0.0,1.764,1.764,0.0,0.0,22.0,9.8,03/27,4C40255,,0,True,11.0,0.9,,106,,,431,False,,,0.0,0.0,0.0,False,False,1,,,,,C,C,  1,2025-06-13 21:56:47.999
2025-06-13,25,CSB,2025-06-13 21:56:47.999,,5,     32,,ZEK0008,1,0,0.0,1067.0,476.339,180.0,180.0,0.0,0.0,12/25,6.0,6.0,0.0,0.0,28.58,28.58,0.0,0.0,1067.0,476.339,12/25,ZEK0008,,0,False,223.21,296.34,,107,,,34,False,,,0.0,0.0,0.0,False,False,2,,,,,C,,  1,2025-06-13 00:00:00.000
2025-06-13,25,CSB,2025-06-13 21:56:47.999,,5,   6607,,D0022501L,2,0,0.0,809.78,325.0,75.0,75.0,0.0,0.0,12/26,6.0,6.0,0.0,0.0,39.0,39.0,0.0,0.0,809.78,325.0,12/26,D0022501L,,0,True,220.0,500.0,,108,,,1012,False,,,0.0,0.0,0.0,False,False,2,,,,,C,,  1,2025-06-13 00:00:00.000
2025-06-13,25,CSB,2025-06-13 21:56:47.999,,5,   6612,,24GK04R,1,0,0.0,349.0,140.22,18.99,18.99,0.0,0.0,10/26,6.0,6.0,0.0,0.0,8.413,8.413,0.0,0.0,349.0,140.22,10/26,24GK04R,,0,True,32.14,121.23,,109,,,1020,False,,,0.0,0.0,0.0,False,False,2,,,,,C,,  1,2025-06-13 00:00:00.000
2025-06-13,25,CSB,2025-06-13 21:56:47.999,,5,   6614,,KAW2402,1,0,0.0,299.0,120.0,26.0,26.0,0.0,0.0,00/00,9.0,9.0,0.0,0.0,10.8,10.8,0.0,0.0,299.0,120.0,00/00,KAW2402,,0,True,35.0,94.0,,110,,,1084,False,,,0.0,0.0,0.0,False,False,2,,,,,C,,  1,2025-06-13 00:00:00.000
2025-06-13,25,CSB,2025-06-13 21:56:47.999,,5,   6586,,ITHF407,2,0,0.0,26.38,11.0,4.49,4.49,0.0,0.0,05/26,6.0,6.0,0.0,0.0,1.32,1.32,0.0,0.0,26.38,11.0,05/26,ITHF407,,0,True,11.0,13.02,,111,,,904,False,,,0.0,0.0,0.0,False,False,2,,,,,C,,  1,2025-06-13 00:00:00.000
2025-06-13,25,CSB,2025-06-13 21:56:47.999,,5,   6347,,24334,3,0,0.0,28.25,18.0,17.0,17.0,0.0,0.0,09/27,6.0,6.0,0.0,0.0,3.24,3.24,0.0,0.0,28.25,18.0,09/27,24334,,0,True,18.0,3.0,,112,,,1112,False,,,0.0,0.0,0.0,False,False,2,,,,,C,,  1,2025-06-13 00:00:00.000
2025-06-13,25,CSB,2025-06-13 21:56:47.999,,5,   6550,,MA24A64,1,0,0.0,22.5,12.0,5.17,5.17,0.0,0.0,06/25,6.0,6.0,0.0,0.0,0.72,0.72,0.0,0.0,22.5,12.0,06/25,MA24A64,,0,True,12.0,6.83,,113,,,1167,False,,,0.0,0.0,0.0,False,False,2,,,,,C,,  1,2025-06-13 00:00:00.000
2025-06-13,25,CSB,2025-06-13 21:56:47.999,,5,   6261,,PT23RL0139C,3,0,0.0,63.26,19.5,18.5,18.5,0.0,0.0,10/25,6.0,6.0,0.0,0.0,3.51,3.51,0.0,0.0,63.26,19.5,10/25,PT23RL0139C,,0,True,19.5,3.0,,114,,,54,False,,,0.0,0.0,0.0,False,False,2,,,,,C,,  1,2025-06-13 00:00:00.000
2025-06-13,25,CSB,2025-06-13 21:56:47.999,,5,   6630,,505105NG1,2,0,0.0,23.0,15.0,3.95,3.95,0.0,0.0,12/29,6.0,6.0,0.0,0.0,1.8,1.8,0.0,0.0,23.0,15.0,12/29,505105NG1,,0,True,5.0,22.1,,115,,,1089,False,,,0.0,0.0,0.0,False,False,2,,,,,C,,  1,2025-06-13 00:00:00.000
2025-06-13,25,CSB,2025-06-13 21:56:47.999,,5,   6507,,429104JG2,2,0,0.0,7.5,5.0,2.45,2.45,0.0,0.0,06/29,6.0,6.0,0.0,0.0,0.6,0.6,0.0,0.0,7.5,5.0,06/29,429104JG2,,0,True,3.45,5.1,,116,,,536,False,,,0.0,0.0,0.0,False,False,2,,,,,C,,  1,2025-06-13 00:00:00.000
2025-06-13,25,CSB,2025-06-13 21:56:47.999,,5,   6686,,112029,30,0,0.0,10.8,4.8,4.0,4.0,0.0,0.0,03/28,6.0,6.0,0.0,0.0,8.64,8.64,0.0,0.0,10.8,4.8,03/28,112029,,0,True,6.5,24.0,,117,,,1385,False,,,0.0,0.0,0.0,False,False,2,,,,,C,,  1,2025-06-13 00:00:00.000
2025-06-13,25,CSB,2025-06-13 21:56:47.999,,5,   6624,,2403042024,1,0,0.0,173.0,50.0,48.5,48.5,0.0,0.0,05/27,6.0,6.0,0.0,0.0,3.0,3.0,0.0,0.0,173.0,50.0,05/27,2403042024,,0,True,50.0,1.5,,118,,,1061,False,,,0.0,0.0,0.0,False,False,2,,,,,C,,  1,2025-06-13 00:00:00.000
2025-06-13,25,CSB,2025-06-13 21:56:47.999,,5,   6464,,4C40255,6,0,0.0,22.0,9.8,9.5,9.5,0.0,0.0,03/27,6.0,6.0,0.0,0.0,3.528,3.528,0.0,0.0,22.0,9.8,03/27,4C40255,,0,True,11.0,1.8,,119,,,431,False,,,0.0,0.0,0.0,False,False,2,,,,,C,,  1,2025-06-13 21:59:48.000
2025-06-14,26,CSB,2025-06-14 13:42:17.999,,5,   6604,,25DB23D,6,0,0.0,214.0,85.98,45.0,45.0,0.0,0.0,01/27,6.0,6.0,0.0,0.0,30.953,30.953,0.0,0.0,214.0,85.98,01/27,25DB23D,  3,0,True,65.0,245.88,,135,,,1055,False,,,0.0,0.0,0.0,False,False,0,,,,,C,,  1,2025-06-14 00:00:00.000
2025-06-14,26,CSB,2025-06-14 13:42:17.999,,5,   6688,,C35002,6,0,0.0,23.52,12.59,8.501,8.501,0.0,0.0,12/26,6.0,6.0,0.0,0.0,4.532,4.532,0.0,0.0,23.52,12.59,12/26,C35002,  3,0,True,12.59,24.53,,136,,,1388,False,,,0.0,0.0,0.0,False,False,0,,,,,C,,  1,2025-06-14 00:00:00.000
2025-06-14,26,CSB,2025-06-14 13:42:17.999,,5,   6607,,D0022501L,2,0,0.0,809.78,325.0,75.0,75.0,0.0,0.0,12/26,6.0,6.0,0.0,0.0,39.0,39.0,0.0,0.0,809.78,325.0,12/26,D0022501L,  3,0,True,220.0,500.0,,137,,,1012,False,,,0.0,0.0,0.0,False,False,0,,,,,C,,  1,2025-06-14 00:00:00.000
2025-06-14,26,CSB,2025-06-14 13:42:17.999,,5,   6585,,24GK07G,4,0,0.0,56.5,11.5,8.25,8.25,0.0,0.0,10/26,6.0,6.0,0.0,0.0,2.76,2.76,0.0,0.0,56.5,11.5,10/26,24GK07G,  3,0,True,11.5,13.0,,138,,,903,False,,,0.0,0.0,0.0,False,False,0,,,,,C,,  1,2025-06-14 00:00:00.000
2025-06-14,26,CSB,2025-06-14 13:42:17.999,,5,   1571,,4S60273,6,0,0.0,13.35,7.8,5.8,5.8,0.0,0.0,11/27,6.0,6.0,0.0,0.0,2.808,2.808,0.0,0.0,13.35,7.8,11/27,4S60273,  3,0,False,7.8,12.0,,139,,,1405,False,,,0.0,0.0,0.0,False,False,0,,,,,C,,  1,2025-06-14 00:00:00.000
2025-06-14,26,CSB,2025-06-14 13:42:17.999,,5,   6457,,DK40586,6,0,0.0,448.8,130.0,28.0,28.0,0.0,0.0,10/26,6.0,6.0,0.0,0.0,46.8,46.8,0.0,0.0,448.8,130.0,10/26,DK40586,  3,0,True,38.39,612.0,,140,,,1363,False,,,0.0,0.0,0.0,False,False,0,,,,,C,,  1,2025-06-14 00:00:00.000
2025-06-14,26,CSB,2025-06-14 13:42:17.999,,5,   3976,,KP247363,5,0,0.0,45.16,14.0,11.727,12.09,0.0,0.0,10/26,6.0,6.0,0.0,0.0,4.2,4.2,0.0,0.0,45.16,14.0,10/26,KP247363,  3,0,False,14.0,11.37,,141,,,1406,False,,,0.0,0.0,0.0,False,False,0,,,,,C,,  1,2025-06-14 00:00:00.000
2025-06-14,26,CSB,2025-06-14 13:42:17.999,,5,   3950,,V305872,10,0,0.0,66.25,36.5,34.435,35.5,0.0,0.0,01/26,6.0,6.0,0.0,0.0,21.9,21.9,0.0,0.0,66.25,36.5,01/26,V305872,  3,0,False,36.5,20.65,,142,,,1407,False,,,0.0,0.0,0.0,False,False,0,,,,,C,,  1,2025-06-14 00:00:00.000
2025-06-14,26,CSB,2025-06-14 13:42:17.999,,5,   6687,,1303318,15,0,0.0,47.51,31.81,27.16,28.0,0.0,0.0,07/26,6.0,6.0,0.0,0.0,28.629,28.629,0.0,0.0,47.51,31.81,07/26,1303318,  3,0,True,31.81,69.75,,143,,,1387,False,,,0.0,0.0,0.0,False,False,0,,,,,C,,  1,2025-06-14 00:00:00.000
2025-06-14,26,CSB,2025-06-14 13:42:17.999,,5,   6347,,SB9253,20,0,0.0,28.25,18.0,15.5,15.5,0.0,0.0,04/27,6.0,6.0,0.0,0.0,21.6,21.6,0.0,0.0,28.25,18.0,04/27,SB9253,  3,0,True,18.0,50.0,,144,,,1404,False,,,0.0,0.0,0.0,False,False,0,,,,,C,,  1,2025-06-14 00:00:00.000
2025-06-14,26,CSB,2025-06-14 13:42:17.999,,5,   6347,,24334,7,0,0.0,28.25,18.0,17.0,17.0,0.0,0.0,09/27,6.0,6.0,0.0,0.0,7.56,7.56,0.0,0.0,28.25,18.0,09/27,24334,  3,0,True,18.0,7.0,,145,,,1112,False,,,0.0,0.0,0.0,False,False,0,,,,,C,,  1,2025-06-14 00:00:00.000
2025-06-14,26,CSB,2025-06-14 13:42:17.999,,5,   6689,,IGNITE,2,0,0.0,120.0,32.0,6.0,6.0,0.0,0.0,08/28,6.0,6.0,0.0,0.0,3.84,3.84,0.0,0.0,120.0,32.0,08/28,IGNITE,  3,0,True,32.0,52.0,,146,,,1389,False,,,0.0,0.0,0.0,False,False,0,,,,,C,,  1,2025-06-14 00:00:00.000
2025-06-14,26,CSB,2025-06-14 13:42:17.999,,5,   6690,,4003125A,2,0,0.0,184.0,82.8,11.0,11.0,0.0,0.0,12/29,6.0,6.0,0.0,0.0,9.936,9.936,0.0,0.0,184.0,82.8,12/29,4003125A,  3,0,True,82.8,143.6,,147,,,1390,False,,,0.0,0.0,0.0,False,False,0,,,,,C,,  1,2025-06-14 00:00:00.000
2025-06-14,26,CSB,2025-06-14 13:42:17.999,,5,   6691,,41123S08G,10,0,0.0,29.0,13.05,4.5,4.5,0.0,0.0,10/25,6.0,6.0,0.0,0.0,7.83,7.83,0.0,0.0,29.0,13.05,10/25,41123S08G,  3,0,True,13.05,85.5,,148,,,1391,False,,,0.0,0.0,0.0,False,False,0,,,,,C,,  1,2025-06-14 00:00:00.000
2025-06-14,26,CSB,2025-06-14 13:42:17.999,,5,   6692,,G24K010524,4,0,0.0,401.0,75.0,25.0,25.0,0.0,0.0,10/29,6.0,6.0,0.0,0.0,18.0,18.0,0.0,0.0,401.0,75.0,10/29,G24K010524,  3,0,True,75.0,200.0,,149,,,1392,False,,,0.0,0.0,0.0,False,False,0,,,,,C,,  1,2025-06-14 00:00:00.000
2025-06-14,26,CSB,2025-06-14 13:42:17.999,,5,   3530,,2503042005,1,0,0.0,173.0,50.0,37.0,37.0,0.0,0.0,12/27,3.0,3.0,0.0,0.0,1.5,1.5,0.0,0.0,173.0,50.0,12/27,2503042005,  3,0,False,50.0,13.0,,150,,,1393,False,,,0.0,0.0,0.0,False,False,0,,,,,C,,  1,2025-06-14 00:00:00.000
2025-06-14,26,CSB,2025-06-14 13:42:17.999,,5,   6693,,P23CO2,1,0,0.0,150.0,82.5,58.0,58.0,0.0,0.0,07/27,6.0,6.0,0.0,0.0,4.95,4.95,0.0,0.0,150.0,82.5,07/27,P23CO2,  3,0,True,82.5,24.5,,151,,,1394,False,,,0.0,0.0,0.0,False,False,0,,,,,C,,  1,2025-06-14 00:00:00.000
2025-06-14,26,CSB,2025-06-14 13:42:17.999,,5,   6694,,G25011105,1,0,0.0,572.0,178.0,78.0,78.0,0.0,0.0,12/29,2.5,2.5,0.0,0.0,4.45,4.45,0.0,0.0,572.0,178.0,12/29,G25011105,  3,0,True,178.0,100.0,,152,,,1395,False,,,0.0,0.0,0.0,False,False,0,,,,,C,,  1,2025-06-14 00:00:00.000
2025-06-14,26,CSB,2025-06-14 13:42:17.999,,5,   6630,,505105NG1,10,0,0.0,23.0,15.0,3.95,3.95,0.0,0.0,12/29,6.0,6.0,0.0,0.0,9.0,9.0,0.0,0.0,23.0,15.0,12/29,505105NG1,  3,0,True,5.0,110.5,,153,,,1089,False,,,0.0,0.0,0.0,False,False,0,,,,,C,,  1,2025-06-14 00:00:00.000
2025-06-14,26,CSB,2025-06-14 13:42:17.999,,5,   6507,,429104JG2,10,0,0.0,7.5,5.0,2.45,2.45,0.0,0.0,06/29,6.0,6.0,0.0,0.0,3.0,3.0,0.0,0.0,7.5,5.0,06/29,429104JG2,  3,0,True,3.45,25.5,,154,,,536,False,,,0.0,0.0,0.0,False,False,0,,,,,C,,  1,2025-06-14 00:00:00.000
2025-06-14,26,CSB,2025-06-14 13:42:17.999,,5,   6614,,KA2501,2,0,0.0,299.0,120.0,26.0,26.0,0.0,0.0,00/00,9.0,9.0,0.0,0.0,21.6,21.6,0.0,0.0,299.0,120.0,00/00,KA2501,  3,0,True,120.0,188.0,,155,,,1396,False,,,0.0,0.0,0.0,False,False,0,,,,,C,,  1,2025-06-14 00:00:00.000
2025-06-14,26,CSB,2025-06-14 13:42:17.999,,5,   6696,,G24F011212,1,0,0.0,392.0,176.4,60.0,60.0,0.0,0.0,08/29,6.0,6.0,0.0,0.0,10.584,10.584,0.0,0.0,392.0,176.4,08/29,G24F011212,  3,0,True,176.4,116.4,,156,,,1399,False,,,0.0,0.0,0.0,False,False,0,,,,,C,,  1,2025-06-14 00:00:00.000
2025-06-14,26,CSB,2025-06-14 13:42:17.999,,5,   6615,,RCARE,1,0,0.0,800.0,350.0,190.0,190.0,0.0,0.0,00/00,6.0,6.0,0.0,0.0,21.0,21.0,0.0,0.0,800.0,350.0,00/00,RCARE,  3,0,True,350.0,160.0,,157,,,1398,False,,,0.0,0.0,0.0,False,False,0,,,,,C,,  1,2025-06-14 00:00:00.000
2025-06-14,26,CSB,2025-06-14 13:42:17.999,,5,   6697,,G24E001171,1,0,0.0,151.0,50.0,29.0,29.0,0.0,0.0,04/29,6.0,6.0,0.0,0.0,3.0,3.0,0.0,0.0,151.0,50.0,04/29,G24E001171,  3,0,True,50.0,21.0,,158,,,1400,False,,,0.0,0.0,0.0,False,False,0,,,,,C,,  1,2025-06-14 00:00:00.000
2025-06-14,26,CSB,2025-06-14 13:42:17.999,,5,   6698,,G25B011048,2,0,0.0,89.0,15.0,8.0,8.0,0.0,0.0,01/30,6.0,6.0,0.0,0.0,1.8,1.8,0.0,0.0,89.0,15.0,01/30,G25B011048,  3,0,True,15.0,14.0,,159,,,1401,False,,,0.0,0.0,0.0,False,False,0,,,,,C,,  1,2025-06-14 00:00:00.000
2025-06-14,26,CSB,2025-06-14 13:42:17.999,,5,   6698,,G25B010949,2,0,0.0,89.0,15.0,8.0,8.0,0.0,0.0,01/30,6.0,6.0,0.0,0.0,1.8,1.8,0.0,0.0,89.0,15.0,01/30,G25B010949,  3,0,True,15.0,14.0,,160,,,1402,False,,,0.0,0.0,0.0,False,False,0,,,,,C,,  1,2025-06-14 00:00:00.000
2025-06-14,26,CSB,2025-06-14 13:42:17.999,,5,   6699,,ONEDRIP,3,0,0.0,39.04,21.45,18.0,18.0,0.0,0.0,04/28,6.0,6.0,0.0,0.0,3.861,3.861,0.0,0.0,39.04,21.45,04/28,ONEDRIP,  3,0,True,21.45,10.35,,161,,,1403,False,,,0.0,0.0,0.0,False,False,0,,,,,C,,  1,2025-06-14 00:00:00.000
2025-06-14,26,CSB,2025-06-14 13:42:17.999,,5,   6261,,PT23RL0139C,3,0,0.0,63.26,19.5,18.5,18.5,0.0,0.0,10/25,6.0,6.0,0.0,0.0,3.51,3.51,0.0,0.0,63.26,19.5,10/25,PT23RL0139C,  3,0,True,19.5,3.0,,162,,,54,False,,,0.0,0.0,0.0,False,False,0,,,,,C,,  1,2025-06-14 00:00:00.000
2025-06-14,26,CSB,2025-06-14 13:42:17.999,,5,   6464,,4C40255,12,0,0.0,22.0,9.8,9.0,9.0,0.0,0.0,03/27,6.0,6.0,0.0,0.0,7.056,7.056,0.0,0.0,22.0,9.8,03/27,4C40255,  3,0,True,11.0,9.6,,163,,,1154,False,,,0.0,0.0,0.0,False,False,0,,,,,C,,  1,2025-06-14 13:53:44.000
2025-06-16,140,CCB,2025-06-16 17:08:04.000,,1061,   2383,,05250097,4,0,0.0,1314.0,225.0,210.0,210.0,0.0,0.0,11/26,6.0,6.0,0.0,0.0,54.0,54.0,0.0,0.0,1314.0,225.0,11/26,05250097,  2,0,False,225.0,60.0,,204,,,1412,False,,,0.0,0.0,0.0,False,False,0,,,,,C,,  1,2025-06-16 00:00:00.000
2025-06-16,140,CCB,2025-06-16 17:08:04.000,,1061,   2430,,BK50250094,5,0,0.0,27.0,24.0,24.0,24.0,0.0,0.0,02/27,2.5,2.5,0.0,0.0,3.0,3.0,0.0,0.0,27.0,24.0,02/27,BK50250094,  2,0,False,24.0,0.0,,205,,,1411,False,,,0.0,0.0,0.0,False,False,0,,,,,C,,  1,2025-06-16 17:10:01.000
2025-06-17,141,CCB,2025-06-17 11:21:45.000,,1061,     32,,ZEK0008,2,0,0.0,1067.0,476.339,180.0,180.0,0.0,0.0,12/25,6.0,6.0,0.0,0.0,57.161,57.161,0.0,0.0,1067.0,476.339,12/25,ZEK0008,  2,0,False,223.21,592.68,,208,,,34,False,,,0.0,0.0,0.0,False,False,0,,,,,C,C,  1,2025-06-17 00:00:00.000
2025-06-17,141,CCB,2025-06-17 11:21:45.000,,1061,   3930,,394069,1,0,0.0,2452.0,780.0,760.0,760.0,0.0,0.0,05/26,6.0,6.0,0.0,0.0,46.8,46.8,0.0,0.0,2452.0,780.0,05/26,394069,  2,0,False,780.0,20.0,,209,,,1413,False,,,0.0,0.0,0.0,False,False,0,,,,,C,,  1,2025-06-17 00:00:00.000
2025-06-17,141,CCB,2025-06-17 11:21:45.000,,1061,   3931,,392042,1,0,0.0,581.5,214.28,140.0,140.0,0.0,0.0,10/26,6.0,6.0,0.0,0.0,12.857,12.857,0.0,0.0,581.5,214.28,10/26,392042,  2,0,True,214.28,74.28,,210,,,1414,False,,,0.0,0.0,0.0,False,False,0,,,,,C,,  1,2025-06-17 00:00:00.000
2025-06-17,141,CCB,2025-06-17 11:21:45.000,,1061,   6498,,1331166,1,0,0.0,396.4,287.0,285.8,285.8,0.0,0.0,07/25,6.0,6.0,0.0,0.0,17.22,17.22,0.0,0.0,396.4,287.0,07/25,1331166,  2,0,True,287.0,1.2,,211,,,1415,False,,,0.0,0.0,0.0,False,False,0,,,,,C,,  1,2025-06-17 11:53:49.999
2025-06-19,144,CCB,2025-06-19 11:13:51.000,,1061,   5155,,PCIB24CB02C,2,0,0.0,3787.0,650.0,500.0,500.0,0.0,0.0,01/26,6.0,6.0,0.0,0.0,78.0,78.0,0.0,0.0,3787.0,650.0,01/26,PCIB24CB02C,,0,False,650.0,300.0,,147,,,498,False,,,0.0,0.0,0.0,False,False,0,,,,,C,C,  1,2025-06-19 00:00:00.000
2025-06-19,144,CCB,2025-06-19 11:13:51.000,,1061,   5156,,PCID24CA02A,1,0,0.0,1085.0,385.71,200.0,200.0,0.0,0.0,00/00,6.0,6.0,0.0,0.0,23.143,23.143,0.0,0.0,1085.0,385.71,00/00,PCID24CA02A,,0,False,225.0,185.71,,148,,,500,False,,,0.0,0.0,0.0,False,False,0,,,,,C,C,  1,2025-06-19 00:00:00.000
2025-06-19,144,CCB,2025-06-19 11:13:51.000,,1061,   3794,,1240091,2,0,0.0,916.8,443.625,420.0,420.0,0.0,0.0,10/26,6.0,6.0,0.0,0.0,53.235,53.235,0.0,0.0,916.8,443.625,10/26,1240091,,0,False,443.625,47.25,,149,,,1328,False,,,0.0,0.0,0.0,False,False,0,,,,,C,,  1,2025-06-19 00:00:00.000
2025-06-19,144,CCB,2025-06-19 11:13:51.000,,1061,   3795,,1240050,1,0,0.0,2442.46,973.12,930.0,930.0,0.0,0.0,08/26,6.0,6.0,0.0,0.0,58.387,58.387,0.0,0.0,2442.46,973.12,08/26,1240050,,0,False,973.12,43.12,,150,,,834,False,,,0.0,0.0,0.0,False,False,0,,,,,C,,  1,2025-06-19 00:00:00.000
2025-06-19,144,CCB,2025-06-19 11:13:51.000,,1061,   1156,,CSI2507AC,1,0,0.0,79.0,60.0,50.0,50.0,0.0,0.0,12/26,3.0,3.0,0.0,0.0,1.8,1.8,0.0,0.0,79.0,60.0,12/26,CSI2507AC,,0,False,60.0,10.0,,151,,,1231,False,,,0.0,0.0,0.0,False,False,0,,,,,C,,  1,2025-06-19 00:00:00.000
2025-06-19,144,CCB,2025-06-19 11:13:51.000,,1061,   1157,,CSI2489BC,1,0,0.0,396.75,287.0,242.0,242.0,0.0,0.0,01/27,6.0,6.0,0.0,0.0,17.22,17.22,0.0,0.0,396.75,287.0,01/27,CSI2489BC,,0,False,287.0,45.0,,152,,,1418,False,,,0.0,0.0,0.0,False,False,0,,,,,C,,  1,2025-06-19 00:00:00.000
2025-06-19,144,CCB,2025-06-19 11:13:51.000,,1061,   6674,,A24AM097,10,0,0.0,5.96,4.0,3.5,3.5,0.0,0.0,02/26,6.0,6.0,0.0,0.0,2.4,2.4,0.0,0.0,5.96,4.0,02/26,A24AM097,,0,True,4.0,5.0,,153,,,1337,False,,,0.0,0.0,0.0,False,False,0,,,,,C,,  1,2025-06-19 00:00:00.000
2025-06-19,144,CCB,2025-06-19 11:13:51.000,,1061,   3931,,392042,1,0,0.0,581.5,214.28,207.32,207.32,0.0,0.0,10/26,6.0,6.0,0.0,0.0,12.857,12.857,0.0,0.0,581.5,214.28,10/26,392042,,0,True,214.28,6.96,,154,,,1419,False,,,0.0,0.0,0.0,False,False,0,,,,,C,,  1,2025-06-19 11:35:50.000
2025-04-14,25,CCB,2025-04-14 09:25:23.999,,1051,   6314,,ML030624,5,0,0.0,30.25,23.0,21.0,21.0,0.0,0.0,11/25,6.0,6.0,0.0,0.0,6.9,6.9,0.0,0.0,30.25,23.0,11/25,ML030624,  2,0,True,23.0,10.0,,60,,,253,False,,,0.0,0.0,0.0,False,False,0,,,,,C,,  1,2025-06-21 00:00:00.000
2025-04-14,25,CCB,2025-04-14 09:25:23.999,,1051,   6646,,4216E03701,20,0,0.0,25.0,18.25,14.288,17.86,0.0,0.0,01/26,6.0,6.0,0.0,0.0,21.9,21.9,0.0,0.0,25.0,18.25,01/26,4216E03701,  2,0,True,18.25,79.24,,61,,,1172,False,,,0.0,0.0,0.0,False,False,0,,,,,C,,  1,2025-06-21 00:00:00.000
2025-04-14,25,CCB,2025-04-14 09:25:23.999,,1051,   1571,,4S60231,100,0,0.0,13.35,7.8,5.8,5.8,0.0,0.0,09/27,6.0,6.0,0.0,0.0,46.8,46.8,0.0,0.0,13.35,7.8,09/27,4S60231,  2,0,False,7.8,200.0,,62,,,1166,False,,,0.0,0.0,0.0,False,False,0,,,,,C,,  1,2025-06-21 00:00:00.000
2025-04-14,25,CCB,2025-04-14 09:25:23.999,,1051,    313,,ABK0213,5,0,0.0,75714.0,80.0,30.0,30.0,0.0,0.0,07/26,6.0,6.0,0.0,0.0,24.0,24.0,0.0,0.0,75714.0,80.0,07/26,ABK0213,  2,0,False,80.0,250.0,,63,,,917,False,,,0.0,0.0,0.0,False,False,0,,,,,C,,  1,2025-06-21 00:00:00.000
2025-04-14,25,CCB,2025-04-14 09:25:23.999,,1051,   6457,,DJ40529,20,0,0.0,448.0,52.0,29.5,29.5,0.0,0.0,09/26,6.0,6.0,0.0,0.0,62.4,62.4,0.0,0.0,448.0,52.0,09/26,DJ40529,  2,0,True,38.39,450.0,,64,,,1114,False,,,0.0,0.0,0.0,False,False,0,,,,,C,,  1,2025-06-21 00:00:00.000
2025-04-14,25,CCB,2025-04-14 09:25:23.999,,1051,   5328,,PA24104,50,0,0.0,39.6,29.0,27.32,27.32,0.0,0.0,07/26,6.0,6.0,0.0,0.0,87.0,87.0,0.0,0.0,39.6,29.0,07/26,PA24104,  2,0,False,29.0,84.0,,65,,,1168,False,,,0.0,0.0,0.0,False,False,0,,,,,C,,  1,2025-06-21 00:00:00.000
2025-04-14,25,CCB,2025-04-14 09:25:23.999,,1051,   3950,,V30815,2,0,0.0,66.25,36.5,35.5,35.5,0.0,0.0,01/26,6.0,6.0,0.0,0.0,4.38,4.38,0.0,0.0,66.25,36.5,01/26,V30815,  2,0,False,36.5,2.0,,66,,,541,False,,,0.0,0.0,0.0,False,False,0,,,,,C,,  1,2025-06-21 18:58:01.999
2025-04-14,25,CCB,2025-06-21 18:58:01.999,,1051,   6314,,ML030624,5,0,0.0,30.25,23.0,21.0,21.0,0.0,0.0,11/25,6.0,6.0,0.0,0.0,6.9,6.9,0.0,0.0,30.25,23.0,11/25,ML030624,  2,0,True,23.0,10.0,,171,,,253,False,,,0.0,0.0,0.0,False,False,1,,,,,C,,  1,2025-06-21 00:00:00.000
2025-04-14,25,CCB,2025-06-21 18:58:01.999,,1051,   6646,,4216E03701,20,0,0.0,25.0,18.25,14.288,17.86,0.0,0.0,01/26,6.0,6.0,0.0,0.0,21.9,21.9,0.0,0.0,25.0,18.25,01/26,4216E03701,  2,0,True,18.25,79.24,,172,,,1172,False,,,0.0,0.0,0.0,False,False,1,,,,,C,,  1,2025-06-21 00:00:00.000
2025-04-14,25,CCB,2025-06-21 18:58:01.999,,1051,   1571,,4S60231,100,0,0.0,13.35,7.8,5.8,5.8,0.0,0.0,09/27,6.0,6.0,0.0,0.0,46.8,46.8,0.0,0.0,13.35,7.8,09/27,4S60231,  2,0,False,7.8,200.0,,173,,,1166,False,,,0.0,0.0,0.0,False,False,1,,,,,C,,  1,2025-06-21 00:00:00.000
2025-04-14,25,CCB,2025-06-21 18:58:01.999,,1051,    313,,ABK0213,5,0,0.0,75714.0,80.0,30.0,30.0,0.0,0.0,07/26,6.0,6.0,0.0,0.0,24.0,24.0,0.0,0.0,75714.0,80.0,07/26,ABK0213,  2,0,False,80.0,250.0,,174,,,917,False,,,0.0,0.0,0.0,False,False,1,,,,,C,,  1,2025-06-21 00:00:00.000
2025-04-14,25,CCB,2025-06-21 18:58:01.999,,1051,   6457,,DJ40529,20,0,0.0,448.0,52.0,29.5,29.5,0.0,0.0,09/26,6.0,6.0,0.0,0.0,62.4,62.4,0.0,0.0,448.0,52.0,09/26,DJ40529,  2,0,True,38.39,450.0,,175,,,1114,False,,,0.0,0.0,0.0,False,False,1,,,,,C,,  1,2025-06-21 00:00:00.000
2025-04-14,25,CCB,2025-06-21 18:58:01.999,,1051,   5328,,PA24104,50,0,0.0,39.6,29.0,27.32,27.32,0.0,0.0,07/26,6.0,6.0,0.0,0.0,87.0,87.0,0.0,0.0,39.6,29.0,07/26,PA24104,  2,0,False,29.0,84.0,,176,,,1168,False,,,0.0,0.0,0.0,False,False,1,,,,,C,,  1,2025-06-21 00:00:00.000
2025-04-14,25,CCB,2025-06-21 18:58:01.999,,1051,   3950,,V30815,2,0,0.0,66.25,36.5,35.5,35.5,0.0,0.0,01/26,6.0,6.0,0.0,0.0,4.38,4.38,0.0,0.0,66.25,36.5,01/26,V30815,  2,0,False,36.5,2.0,,177,,,541,False,,,0.0,0.0,0.0,False,False,1,,,,,C,,  1,2025-06-21 00:00:00.000
2025-04-14,25,CCB,2025-06-21 18:58:01.999,,1051,   6615,,RCARE,2,0,0.0,1150.0,241.5,190.0,190.0,0.0,0.0,00/00,6.0,6.0,0.0,0.0,28.98,28.98,0.0,0.0,1150.0,241.5,00/00,RCARE,  2,0,True,241.5,103.0,,178,,,1426,False,,,0.0,0.0,0.0,False,False,1,,,,,C,,  1,2025-06-21 00:00:00.000
2025-04-14,25,CCB,2025-06-21 18:58:01.999,,1051,   6700,,G24E020540,50,0,0.0,197.0,22.4,11.0,11.0,0.0,0.0,09/29,6.0,6.0,0.0,0.0,67.2,67.2,0.0,0.0,197.0,22.4,09/29,G24E020540,  2,0,True,22.4,570.0,,179,,,1427,False,,,0.0,0.0,0.0,False,False,1,,,,,C,,  1,2025-06-21 00:00:00.000
2025-04-14,25,CCB,2025-06-21 18:58:01.999,,1051,   6701,,LDZ24310,50,0,0.0,14.18,10.0,8.0,8.0,0.0,0.0,03/26,6.0,6.0,0.0,0.0,30.0,30.0,0.0,0.0,14.18,10.0,03/26,LDZ24310,  2,0,True,10.0,100.0,,180,,,1428,False,,,0.0,0.0,0.0,False,False,1,,,,,C,,  1,2025-06-21 00:00:00.000
2025-04-14,25,CCB,2025-06-21 18:58:01.999,,1051,   6702,,G25A30037,50,0,0.0,5.0,4.0,2.1,2.1,0.0,0.0,12/28,2.5,2.5,0.0,0.0,5.0,5.0,0.0,0.0,5.0,4.0,12/28,G25A30037,  2,0,True,4.0,95.0,,181,,,1433,False,,,0.0,0.0,0.0,False,False,1,,,,,C,,  1,2025-06-21 00:00:00.000
2025-04-14,25,CCB,2025-06-21 18:58:01.999,,1051,   6631,,51202104EF,300,0,0.0,5.9,3.0,1.85,1.85,0.0,0.0,02/30,6.0,6.0,0.0,0.0,54.0,54.0,0.0,0.0,5.9,3.0,02/30,51202104EF,  2,0,True,3.0,345.0,,182,,,1430,False,,,0.0,0.0,0.0,False,False,1,,,,,C,,  1,2025-06-21 00:00:00.000
2025-04-14,25,CCB,2025-06-21 18:58:01.999,,1051,   6630,,512104EF2,100,0,0.0,13.0,5.0,3.8,3.8,0.0,0.0,02/30,6.0,6.0,0.0,0.0,30.0,30.0,0.0,0.0,13.0,5.0,02/30,512104EF2,  2,0,True,5.0,120.0,,183,,,1431,False,,,0.0,0.0,0.0,False,False,1,,,,,C,,  1,2025-06-21 18:59:37.999
2025-04-30,64,CCB,2025-04-30 18:46:51.000,,1051,    561,,MB16M094,50,0,0.0,69.87,49.9,24.95,49.9,0.0,0.0,05/27,6.0,6.0,0.0,0.0,149.7,149.7,0.0,0.0,69.87,49.9,05/27,MB16M094,  2,0,False,49.9,1247.5,,165,,,1251,False,,,0.0,0.0,0.0,False,False,0,,,,,C,,  1,2025-06-21 00:00:00.000
2025-04-30,64,CCB,2025-04-30 18:46:51.000,,1051,   6553,,25770007,50,0,0.0,56.5,25.56,15.56,15.56,0.0,0.0,12/26,6.0,6.0,0.0,0.0,76.68,76.68,0.0,0.0,56.5,25.56,12/26,25770007,  2,0,True,25.56,500.0,,166,,,1252,False,,,0.0,0.0,0.0,False,False,0,,,,,C,,  1,2025-06-21 00:00:00.000
2025-04-30,64,CCB,2025-04-30 18:46:51.000,,1051,   1571,,4S60237,50,0,0.0,13.35,7.8,5.8,5.8,0.0,0.0,09/27,6.0,6.0,0.0,0.0,23.4,23.4,0.0,0.0,13.35,7.8,09/27,4S60237,  2,0,False,7.8,100.0,,167,,,1253,False,,,0.0,0.0,0.0,False,False,0,,,,,C,,  1,2025-06-21 00:00:00.000
2025-04-30,64,CCB,2025-04-30 18:46:51.000,,1051,   6660,,MON014013,20,0,0.0,12.14,9.0,7.881,8.67,0.0,0.0,08/28,6.0,6.0,0.0,0.0,10.8,10.8,0.0,0.0,12.14,9.0,08/28,MON014013,  2,0,True,9.0,22.38,,168,,,1254,False,,,0.0,0.0,0.0,False,False,0,,,,,C,,  1,2025-06-21 00:00:00.000
2025-04-30,64,CCB,2025-04-30 18:46:51.000,,1051,   6661,,G241010744,100,0,0.0,27.0,9.0,5.0,5.0,0.0,0.0,08/29,6.0,6.0,0.0,0.0,54.0,54.0,0.0,0.0,27.0,9.0,08/29,G241010744,  2,0,True,9.0,400.0,,169,,,1255,False,,,0.0,0.0,0.0,False,False,0,,,,,C,,  1,2025-06-21 00:00:00.000
2025-04-30,64,CCB,2025-04-30 18:46:51.000,,1051,   6459,,C35002,15,0,0.0,23.52,15.0,10.5,10.5,0.0,0.0,12/26,6.0,6.0,0.0,0.0,13.5,13.5,0.0,0.0,23.52,15.0,12/26,C35002,  2,0,True,15.0,67.5,,170,,,1256,False,,,0.0,0.0,0.0,False,False,0,,,,,C,,  1,2025-06-21 19:01:18.000
2025-06-04,113,CCB,2025-06-04 17:59:35.000,,1051,    561,,DCA250040,50,0,0.0,69.87,49.9,24.95,49.9,0.0,0.0,06/27,6.0,6.0,0.0,0.0,149.7,149.7,0.0,0.0,69.87,49.9,06/27,DCA250040,  2,0,False,49.9,1247.5,,28,,,1345,False,,,0.0,0.0,0.0,False,False,1,,,,,C,,  1,2025-06-21 00:00:00.000
2025-06-04,113,CCB,2025-06-04 17:59:35.000,,1051,   6553,,25770016,75,0,0.0,56.5,25.56,15.56,15.56,0.0,0.0,01/27,6.0,6.0,0.0,0.0,115.02,115.02,0.0,0.0,56.5,25.56,01/27,25770016,  2,0,True,25.56,750.0,,29,,,1346,False,,,0.0,0.0,0.0,False,False,1,,,,,C,,  1,2025-06-21 00:00:00.000
2025-06-04,113,CCB,2025-06-04 17:59:35.000,,1051,   6675,,0324033,20,0,0.0,12.59,9.64,9.44,9.44,0.0,0.0,11/27,6.0,6.0,0.0,0.0,11.568,11.568,0.0,0.0,12.59,9.64,11/27,0324033,  2,0,True,9.64,4.0,,30,,,1347,False,,,0.0,0.0,0.0,False,False,1,,,,,C,,  1,2025-06-21 00:00:00.000
2025-06-04,113,CCB,2025-06-04 17:59:35.000,,1051,   1571,,4A00393,40,0,0.0,13.35,7.8,5.8,5.8,0.0,0.0,06/27,6.0,6.0,0.0,0.0,18.72,18.72,0.0,0.0,13.35,7.8,06/27,4A00393,  2,0,False,7.8,80.0,,31,,,1103,False,,,0.0,0.0,0.0,False,False,1,,,,,C,,  1,2025-06-21 00:00:00.000
2025-06-04,113,CCB,2025-06-04 17:59:35.000,,1051,   1571,,4S60237,10,0,0.0,13.35,7.8,5.8,5.8,0.0,0.0,09/27,6.0,6.0,0.0,0.0,4.68,4.68,0.0,0.0,13.35,7.8,09/27,4S60237,  2,0,False,7.8,20.0,,32,,,1253,False,,,0.0,0.0,0.0,False,False,1,,,,,C,,  1,2025-06-21 00:00:00.000
2025-06-04,113,CCB,2025-06-04 17:59:35.000,,1051,   6660,,MON014013,20,0,0.0,12.14,9.0,7.881,8.67,0.0,0.0,08/28,6.0,6.0,0.0,0.0,10.8,10.8,0.0,0.0,12.14,9.0,08/28,MON014013,  2,0,True,9.0,22.38,,33,,,1254,False,,,0.0,0.0,0.0,False,False,1,,,,,C,,  1,2025-06-21 00:00:00.000
2025-06-04,113,CCB,2025-06-04 17:59:35.000,,1051,   6466,,MED20724,3,0,0.0,65.7,32.0,24.8,24.8,0.0,0.0,12/25,6.0,6.0,0.0,0.0,5.76,5.76,0.0,0.0,65.7,32.0,12/25,MED20724,  2,0,True,32.0,21.6,,34,,,433,False,,,0.0,0.0,0.0,False,False,1,,,,,C,,  1,2025-06-21 00:00:00.000
2025-06-04,113,CCB,2025-06-04 17:59:35.000,,1051,   6631,,512025,200,0,0.0,5.4,2.0,1.85,1.85,0.0,0.0,02/30,6.0,6.0,0.0,0.0,24.0,24.0,0.0,0.0,5.4,2.0,02/30,512025,  2,0,True,2.0,30.0,,35,,,1348,False,,,0.0,0.0,0.0,False,False,1,,,,,C,,  1,2025-06-21 00:00:00.000
2025-06-04,113,CCB,2025-06-04 17:59:35.000,,1051,   6507,,515055SR1,100,0,0.0,10.0,3.45,2.7,2.7,0.0,0.0,03/30,6.0,6.0,0.0,0.0,20.7,20.7,0.0,0.0,10.0,3.45,03/30,515055SR1,  2,0,True,3.45,75.0,,36,,,1349,False,,,0.0,0.0,0.0,False,False,1,,,,,C,,  1,2025-06-21 00:00:00.000
2025-06-04,113,CCB,2025-06-04 17:59:35.000,,1051,   6630,,519105JE1,50,0,0.0,13.0,5.0,3.8,3.8,0.0,0.0,04/30,6.0,6.0,0.0,0.0,15.0,15.0,0.0,0.0,13.0,5.0,04/30,519105JE1,  2,0,True,5.0,60.0,,37,,,1350,False,,,0.0,0.0,0.0,False,False,1,,,,,C,,  1,2025-06-21 00:00:00.000
2025-06-04,113,CCB,2025-06-04 17:59:35.000,,1051,   6676,,ROUND,1,0,0.0,399.0,100.0,65.0,65.0,0.0,0.0,10/28,6.0,6.0,0.0,0.0,6.0,6.0,0.0,0.0,399.0,100.0,10/28,ROUND,  2,0,True,100.0,35.0,,38,,,1351,False,,,0.0,0.0,0.0,False,False,1,,,,,C,,  1,2025-06-21 00:00:00.000
2025-06-04,113,CCB,2025-06-04 17:59:35.000,,1051,   6300,,517433,50,0,0.0,21.5,5.58,4.8,4.8,0.0,0.0,03/28,6.0,6.0,0.0,0.0,16.74,16.74,0.0,0.0,21.5,5.58,03/28,517433,  2,0,True,5.58,39.0,,39,,,1352,False,,,0.0,0.0,0.0,False,False,1,,,,,C,D,  1,2025-06-21 00:00:00.000
2025-06-04,113,CCB,2025-06-04 17:59:35.000,,1051,   6586,,ITHF407,20,0,0.0,26.38,11.0,4.49,4.49,0.0,0.0,05/26,6.0,6.0,0.0,0.0,13.2,13.2,0.0,0.0,26.38,11.0,05/26,ITHF407,  2,0,True,11.0,130.2,,40,,,904,False,,,0.0,0.0,0.0,False,False,1,,,,,C,D,  1,2025-06-21 19:02:35.999
2025-06-21,147,CCB,2025-06-21 19:31:20.000,,1051,   6700,,G24L020796,50,0,0.0,197.0,22.4,11.0,11.0,0.0,0.0,11/29,6.0,6.0,0.0,0.0,67.2,67.2,0.0,0.0,197.0,22.4,11/29,G24L020796,  2,0,True,22.4,570.0,,179,,,1443,False,,,0.0,0.0,0.0,False,False,0,,,,,C,,  1,2025-06-21 00:00:00.000
2025-06-21,147,CCB,2025-06-21 19:31:20.000,,1051,   3987,,KP1568191,20,0,0.0,26.38,7.0,6.79,7.0,0.0,0.0,02/27,6.0,6.0,0.0,0.0,8.4,8.4,0.0,0.0,26.38,7.0,02/27,KP1568191,  2,0,False,7.0,4.2,,180,,,1439,False,,,0.0,0.0,0.0,False,False,0,,,,,C,,  1,2025-06-21 00:00:00.000
2025-06-21,147,CCB,2025-06-21 19:31:20.000,,1051,    561,,DCB250041,50,0,0.0,69.87,49.9,24.95,49.9,0.0,0.0,07/27,6.0,6.0,0.0,0.0,149.7,149.7,0.0,0.0,69.87,49.9,07/27,DCB250041,  2,0,False,49.9,1247.5,,181,,,1434,False,,,0.0,0.0,0.0,False,False,0,,,,,C,,  1,2025-06-21 00:00:00.000
2025-06-21,147,CCB,2025-06-21 19:31:20.000,,1051,   6553,,25770016,50,0,0.0,56.5,25.56,15.56,15.56,0.0,0.0,01/27,6.0,6.0,0.0,0.0,76.68,76.68,0.0,0.0,56.5,25.56,01/27,25770016,  2,0,True,25.56,500.0,,182,,,1435,False,,,0.0,0.0,0.0,False,False,0,,,,,C,,  1,2025-06-21 00:00:00.000
2025-06-21,147,CCB,2025-06-21 19:31:20.000,,1051,   1571,,4S60273,50,0,0.0,13.35,7.8,5.8,5.8,0.0,0.0,11/27,6.0,6.0,0.0,0.0,23.4,23.4,0.0,0.0,13.35,7.8,11/27,4S60273,  2,0,False,7.8,100.0,,183,,,1436,False,,,0.0,0.0,0.0,False,False,0,,,,,C,,  1,2025-06-21 00:00:00.000
2025-06-21,147,CCB,2025-06-21 19:31:20.000,,1051,   5328,,PA24157,50,0,0.0,43.56,29.0,27.32,27.32,0.0,0.0,11/26,6.0,6.0,0.0,0.0,87.0,87.0,0.0,0.0,43.56,29.0,11/26,PA24157,  2,0,False,29.0,84.0,,184,,,1441,False,,,0.0,0.0,0.0,False,False,0,,,,,C,,  1,2025-06-21 00:00:00.000
2025-06-21,147,CCB,2025-06-21 19:31:20.000,,1051,   6703,,OP-151,1,0,0.0,50.0,31.25,23.0,23.0,0.0,0.0,04/26,9.0,9.0,0.0,0.0,2.813,2.813,0.0,0.0,50.0,31.25,04/26,OP-151,  2,0,True,31.25,8.25,,185,,,1442,False,,,0.0,0.0,0.0,False,False,0,,,,,C,,  1,2025-06-21 00:00:00.000
2025-06-21,147,CCB,2025-06-21 19:31:20.000,,1051,   6459,,PT24MT0033A,20,0,0.0,23.52,15.0,10.5,10.5,0.0,0.0,06/26,6.0,6.0,0.0,0.0,18.0,18.0,0.0,0.0,23.52,15.0,06/26,PT24MT0033A,  2,0,True,15.0,90.0,,186,,,540,False,,,0.0,0.0,0.0,False,False,0,,,,,C,,  1,2025-06-21 00:00:00.000
2025-06-21,147,CCB,2025-06-21 19:31:20.000,,1051,   6491,,VH1034036,20,0,0.0,38.6,12.0,8.5,8.5,0.0,0.0,06/26,6.0,6.0,0.0,0.0,14.4,14.4,0.0,0.0,38.6,12.0,06/26,VH1034036,  2,0,True,12.0,70.0,,187,,,1437,False,,,0.0,0.0,0.0,False,False,0,,,,,C,,  1,2025-06-21 21:11:37.999
2025-06-21,147,CCB,2025-06-21 21:11:37.999,,1051,   6700,,G24L020796,50,0,0.0,197.0,22.4,11.0,11.0,0.0,0.0,11/29,6.0,6.0,0.0,0.0,67.2,67.2,0.0,0.0,197.0,22.4,11/29,G24L020796,  2,0,True,22.4,570.0,,188,,,1443,False,,,0.0,0.0,0.0,False,False,1,,,,,C,,  1,2025-06-21 00:00:00.000
2025-06-21,147,CCB,2025-06-21 21:11:37.999,,1051,   3987,,KP1568191,20,0,0.0,26.38,7.0,6.79,7.0,0.0,0.0,02/27,6.0,6.0,0.0,0.0,8.4,8.4,0.0,0.0,26.38,7.0,02/27,KP1568191,  2,0,False,7.0,4.2,,189,,,1439,False,,,0.0,0.0,0.0,False,False,1,,,,,C,,  1,2025-06-21 00:00:00.000
2025-06-21,147,CCB,2025-06-21 21:11:37.999,,1051,    561,,DCB250041,50,0,0.0,69.87,49.9,24.95,49.9,0.0,0.0,07/27,6.0,6.0,0.0,0.0,149.7,149.7,0.0,0.0,69.87,49.9,07/27,DCB250041,  2,0,False,49.9,1247.5,,190,,,1434,False,,,0.0,0.0,0.0,False,False,1,,,,,C,,  1,2025-06-21 00:00:00.000
2025-06-21,147,CCB,2025-06-21 21:11:37.999,,1051,   6553,,25770016,50,0,0.0,56.5,25.56,15.56,15.56,0.0,0.0,01/27,6.0,6.0,0.0,0.0,76.68,76.68,0.0,0.0,56.5,25.56,01/27,25770016,  2,0,True,25.56,500.0,,191,,,1435,False,,,0.0,0.0,0.0,False,False,1,,,,,C,,  1,2025-06-21 00:00:00.000
2025-06-21,147,CCB,2025-06-21 21:11:37.999,,1051,   1571,,4S60273,50,0,0.0,13.35,7.8,5.8,5.8,0.0,0.0,11/27,6.0,6.0,0.0,0.0,23.4,23.4,0.0,0.0,13.35,7.8,11/27,4S60273,  2,0,False,7.8,100.0,,192,,,1436,False,,,0.0,0.0,0.0,False,False,1,,,,,C,,  1,2025-06-21 00:00:00.000
2025-06-21,147,CCB,2025-06-21 21:11:37.999,,1051,   5328,,PA24157,50,0,0.0,43.56,29.0,27.32,27.32,0.0,0.0,11/26,6.0,6.0,0.0,0.0,87.0,87.0,0.0,0.0,43.56,29.0,11/26,PA24157,  2,0,False,29.0,84.0,,193,,,1441,False,,,0.0,0.0,0.0,False,False,1,,,,,C,,  1,2025-06-21 00:00:00.000
2025-06-21,147,CCB,2025-06-21 21:11:37.999,,1051,   6703,,OP-151,1,0,0.0,50.0,31.25,23.0,23.0,0.0,0.0,04/26,9.0,9.0,0.0,0.0,2.813,2.813,0.0,0.0,50.0,31.25,04/26,OP-151,  2,0,True,31.25,8.25,,194,,,1442,False,,,0.0,0.0,0.0,False,False,1,,,,,C,,  1,2025-06-21 00:00:00.000
2025-06-21,147,CCB,2025-06-21 21:11:37.999,,1051,   6459,,PT24MT0033A,20,0,0.0,23.52,15.0,10.5,10.5,0.0,0.0,06/26,6.0,6.0,0.0,0.0,18.0,18.0,0.0,0.0,23.52,15.0,06/26,PT24MT0033A,  2,0,True,15.0,90.0,,195,,,540,False,,,0.0,0.0,0.0,False,False,1,,,,,C,C,  1,2025-06-21 00:00:00.000
2025-06-21,147,CCB,2025-06-21 21:11:37.999,,1051,   6491,,VH1034036,20,0,0.0,38.6,12.0,8.5,8.5,0.0,0.0,06/26,6.0,6.0,0.0,0.0,14.4,14.4,0.0,0.0,38.6,12.0,06/26,VH1034036,  2,0,True,12.0,70.0,,196,,,1437,False,,,0.0,0.0,0.0,False,False,1,,,,,C,C,  1,2025-06-21 00:00:00.000
2025-06-21,147,CCB,2025-06-21 21:11:37.999,,1051,   6704,,GD02925,2,0,0.0,109.76,85.0,82.32,82.32,0.0,0.0,03/27,6.0,6.0,0.0,0.0,10.2,10.2,0.0,0.0,109.76,85.0,03/27,GD02925,  2,0,True,85.0,5.36,,197,,,1444,False,,,0.0,0.0,0.0,False,False,1,,,,,C,,  1,2025-06-21 00:00:00.000
2025-06-21,147,CCB,2025-06-21 21:11:37.999,,1051,   6256,,M438,50,0,0.0,30.0,15.5,7.0,7.0,0.0,0.0,09/26,6.0,6.0,0.0,0.0,46.5,46.5,0.0,0.0,30.0,15.5,09/26,M438,  2,0,True,15.5,425.0,,198,,,1445,False,,,0.0,0.0,0.0,False,False,1,,,,,C,,  1,2025-06-21 00:00:00.000
2025-06-21,147,CCB,2025-06-21 21:11:37.999,,1051,   3941,,SU1478306,2,0,0.0,35.27,28.0,27.0,27.0,0.0,0.0,01/26,6.0,6.0,0.0,0.0,3.36,3.36,0.0,0.0,35.27,28.0,01/26,SU1478306,  2,0,False,28.0,2.0,,199,,,1446,False,,,0.0,0.0,0.0,False,False,1,,,,,C,,  1,2025-06-21 00:00:00.000
2025-06-21,147,CCB,2025-06-21 21:11:37.999,,1051,   6705,,2410193,5,0,0.0,86.0,35.0,24.5,24.5,0.0,0.0,10/27,6.0,6.0,0.0,0.0,10.5,10.5,0.0,0.0,86.0,35.0,10/27,2410193,  2,0,True,35.0,52.5,,200,,,1447,False,,,0.0,0.0,0.0,False,False,1,,,,,C,,  1,2025-06-21 21:26:19.999
2025-06-25,149,CCB,2025-06-25 13:32:25.000,,1061,   2894,,4480214,3,0,0.0,1299.17,325.0,130.0,130.0,0.0,0.0,12/27,6.0,6.0,0.0,0.0,58.5,58.5,0.0,0.0,1299.17,325.0,12/27,4480214,  2,0,True,178.85,585.0,,215,,,1424,False,,,0.0,0.0,0.0,False,False,0,,,,,C,D,  1,2025-06-27 11:25:59.000
2025-06-25,149,CCB,2025-06-27 11:25:59.000,,1061,   6706,,398062,2,0,0.0,690.0,438.0,428.0,428.0,0.0,0.0,03/27,6.0,6.0,0.0,0.0,52.56,52.56,0.0,0.0,690.0,438.0,03/27,398062,  2,0,True,438.0,20.0,,216,,,1449,False,,,0.0,0.0,0.0,False,False,1,,,,,C,D,  1,2025-06-27 11:27:39.999
2025-06-28,153,CCB,2025-06-28 10:32:38.999,,1061,   2082,,87240093AB,1,0,0.0,992.25,625.0,625.0,625.0,0.0,0.0,01/26,6.0,6.0,0.0,0.0,37.5,37.5,0.0,0.0,992.25,625.0,01/26,87240093AB,  2,0,False,625.0,0.0,,225,,,1454,False,,,0.0,0.0,0.0,False,False,0,,,,,C,,  1,2025-06-28 00:00:00.000
2025-06-28,153,CCB,2025-06-28 10:32:38.999,,1061,   5155,,PCIB24CB02C,1,0,0.0,3787.0,501.0,500.0,500.0,0.0,0.0,01/26,6.0,6.0,0.0,0.0,30.06,30.06,0.0,0.0,3787.0,501.0,01/26,PCIB24CB02C,  2,0,False,650.0,1.0,,226,,,498,False,,,0.0,0.0,0.0,False,False,0,,,,,C,D,  1,2025-06-28 10:39:38.999
2025-07-07,161,CCB,2025-07-07 17:30:09.000,,1061,   3828,,702968,1,0,0.0,8360.0,1651.78,1570.0,1570.0,0.0,0.0,12/25,6.0,6.0,0.0,0.0,99.107,99.107,0.0,0.0,8360.0,1651.78,12/25,702968,  2,0,False,1651.78,81.78,,21,,,1476,False,,,0.0,0.0,0.0,False,False,0,,,,,C,,  1,2025-07-07 17:31:31.000
2025-07-12,165,CCB,2025-07-12 14:11:20.999,,1117,   2765,,KA25023,6,0,0.0,404.57,270.0,268.0,268.0,0.0,0.0,04/28,2.5,2.5,0.0,0.0,40.5,40.5,0.0,0.0,404.57,270.0,04/28,KA25023,  2,0,False,270.0,12.0,,28,,,1481,False,,,0.0,0.0,0.0,False,False,0,,,,,C,D,  1,2025-07-15 00:00:00.000
2025-07-12,165,CCB,2025-07-12 14:11:20.999,,1117,   2765,,KA25006,3,0,0.0,397.62,270.0,268.0,268.0,0.0,0.0,02/28,2.5,2.5,0.0,0.0,20.25,20.25,0.0,0.0,397.62,270.0,02/28,KA25006,  2,0,False,270.0,6.0,,29,,,1482,False,,,0.0,0.0,0.0,False,False,0,,,,,C,D,  1,2025-07-15 00:00:00.000
2025-07-12,165,CCB,2025-07-12 14:11:20.999,,1117,   2765,,KA25023,1,0,0.0,404.57,270.0,268.0,268.0,0.0,0.0,04/28,2.5,2.5,0.0,0.0,6.75,6.75,0.0,0.0,404.57,270.0,04/28,KA25023,  2,0,False,270.0,2.0,,30,,,1483,False,,,0.0,0.0,0.0,False,False,0,,,,,C,,  1,2025-07-15 19:55:51.999
2025-06-11,132,CCB,2025-06-11 11:40:57.999,,1093,   2523,,AA240897A,2,0,0.0,4728.9,1428.57,550.0,550.0,0.0,0.0,03/26,6.0,6.0,0.0,0.0,171.428,171.428,0.0,0.0,4728.9,1428.57,03/26,AA240897A,  2,0,False,1428.57,1757.14,,77,,,1381,False,,,0.0,0.0,0.0,False,False,0,,,,,C,,  1,2025-07-16 00:00:00.000
2025-06-11,132,CCB,2025-06-11 11:40:57.999,,1093,   6685,,DL40647,4,0,0.0,205.0,62.6,25.0,25.0,0.0,0.0,11/26,6.0,6.0,0.0,0.0,15.024,15.024,0.0,0.0,205.0,62.6,11/26,DL40647,  2,0,True,62.6,150.4,,78,,,1382,False,,,0.0,0.0,0.0,False,False,0,,,,,C,D,  1,2025-07-16 00:00:00.000
2025-06-11,132,CCB,2025-06-11 11:40:57.999,,1093,   6583,,25DB39Y,50,0,0.0,69.8,22.0,16.99,16.99,0.0,0.0,01/27,6.0,6.0,0.0,0.0,66.0,66.0,0.0,0.0,69.8,22.0,01/27,25DB39Y,  2,0,True,22.0,250.5,,79,,,1141,False,,,0.0,0.0,0.0,False,False,0,,,,,C,,  1,2025-07-16 10:29:31.999
2025-07-22,175,CCB,2025-07-22 16:21:57.000,,1066,   6607,,D0022501L,10,0,0.0,809.78,80.0,75.0,75.0,0.0,0.0,12/26,6.0,6.0,0.0,0.0,48.0,48.0,0.0,0.0,809.78,80.0,12/26,D0022501L,,0,True,220.0,50.0,,42,,,1012,False,,,0.0,0.0,0.0,False,False,0,,,,,C,D,  1,2025-07-22 17:50:19.000
2025-07-23,177,CCB,2025-07-23 18:50:27.999,,1109,   6720,,BD2TI503,9,1,0.0,113.5,84.44,67.005,74.45,0.0,0.0,09/26,6.0,6.0,0.0,0.0,45.598,45.598,0.0,0.0,113.5,84.44,09/26,BD2TI503,  2,0,True,84.44,89.91,,44,,,1515,False,9 + 1,,0.0,0.0,0.0,False,False,0,,,,,C,C,  1,2025-07-23 18:52:01.000
2025-07-23,178,CCB,2025-07-23 19:02:00.000,,1119,   6721,,ED1PC501,19,1,0.0,277.5,206.473,172.938,182.04,0.0,0.0,01/27,6.0,6.0,0.0,0.0,235.379,235.379,0.0,0.0,277.5,206.473,01/27,ED1PC501,  2,0,True,206.473,464.23,,46,,,1516,False,38 + 2,,0.0,0.0,0.0,False,False,0,,,,,C,,  1,2025-07-23 00:00:00.000
2025-07-23,178,CCB,2025-07-23 19:02:00.000,,1119,   6726,,UH1SL405,19,1,0.0,301.5,224.33,187.882,197.77,0.0,0.0,08/26,6.0,6.0,0.0,0.0,255.736,255.736,0.0,0.0,301.5,224.33,08/26,UH1SL405,  2,0,True,224.33,504.63,,47,,,1521,False,38 + 2,,0.0,0.0,0.0,False,False,0,,,,,C,,  1,2025-07-23 00:00:00.000
2025-07-23,178,CCB,2025-07-23 19:02:00.000,,1119,   6720,,BD2TI503,9,1,0.0,113.5,84.44,67.005,74.45,0.0,0.0,09/26,6.0,6.0,0.0,0.0,45.598,45.598,0.0,0.0,113.5,84.44,09/26,BD2TI503,  2,0,True,84.44,89.91,,48,,,1515,False,9 + 1,,0.0,0.0,0.0,False,False,0,,,,,C,,  1,2025-07-23 00:00:00.000
2025-07-23,178,CCB,2025-07-23 19:02:00.000,,1119,   6724,,DU5PA501A,10,0,0.0,200.0,148.809,131.19,131.19,0.0,0.0,03/28,6.0,6.0,0.0,0.0,89.285,89.285,0.0,0.0,200.0,148.809,03/28,DU5PA501A,  2,0,True,148.809,176.19,,49,,,1519,False,,,0.0,0.0,0.0,False,False,0,,,,,C,,  1,2025-07-23 19:16:08.000
2025-07-23,178,CCB,2025-07-23 19:16:08.000,,1119,   6721,,ED1PC501,19,1,0.0,277.5,206.473,172.938,182.04,0.0,0.0,01/27,6.0,6.0,0.0,0.0,229.495,229.495,0.0,0.0,277.5,206.473,01/27,ED1PC501,  2,0,True,206.473,464.23,,49,,,1516,False,38 + 2,,0.0,2.5,98.07,False,False,1,,,,,C,,  1,2025-07-24 00:00:00.000
2025-07-23,178,CCB,2025-07-23 19:16:08.000,,1119,   6726,,UH1SL405,19,1,0.0,301.5,224.33,187.882,197.77,0.0,0.0,08/26,6.0,6.0,0.0,0.0,249.343,249.343,0.0,0.0,301.5,224.33,08/26,UH1SL405,  2,0,True,224.33,504.63,,50,,,1521,False,38 + 2,,0.0,2.5,106.56,False,False,1,,,,,C,,  1,2025-07-24 00:00:00.000
2025-07-23,178,CCB,2025-07-23 19:16:08.000,,1119,   6720,,BD2TI503,9,1,0.0,113.5,84.44,67.005,74.45,0.0,0.0,09/26,6.0,6.0,0.0,0.0,44.458,44.458,0.0,0.0,113.5,84.44,09/26,BD2TI503,  2,0,True,84.44,89.91,,51,,,1515,False,9 + 1,,0.0,2.5,19.0,False,False,1,,,,,C,,  1,2025-07-24 00:00:00.000
2025-07-23,178,CCB,2025-07-23 19:16:08.000,,1119,   6724,,DU5PA501A,10,0,0.0,200.0,148.809,131.19,131.19,0.0,0.0,03/28,6.0,6.0,0.0,0.0,87.053,87.053,0.0,0.0,200.0,148.809,03/28,DU5PA501A,  2,0,True,148.809,176.19,,52,,,1519,False,,,0.0,2.5,37.2,False,False,1,,,,,C,,  1,2025-07-24 11:35:44.000
2025-07-24,179,CCB,2025-07-24 11:34:23.000,,1120,   6595,,D1282402A,42,0,0.0,950.0,223.21,115.0,115.0,0.0,0.0,03/26,6.0,6.0,0.0,0.0,551.239,551.239,0.0,0.0,950.0,223.21,03/26,D1282402A,  2,0,True,223.21,4544.82,,53,,,1523,False,,,0.0,2.0,187.5,False,False,0,,,,,C,,  1,2025-07-24 15:46:34.000
2025-07-23,178,CCB,2025-07-24 11:35:44.000,,1119,   6721,,ED1PC501,19,1,0.0,277.5,206.473,172.938,182.04,0.0,0.0,01/27,6.0,6.0,0.0,0.0,229.495,229.495,0.0,0.0,277.5,206.473,01/27,ED1PC501,  2,0,True,206.473,464.23,,54,,,1516,False,38 + 2,,0.0,2.5,98.07,False,False,2,,,,,C,D,  1,2025-07-26 00:00:00.000
2025-07-23,178,CCB,2025-07-24 11:35:44.000,,1119,   6726,,UH1SL405,19,1,0.0,301.5,224.33,187.882,197.77,0.0,0.0,08/26,6.0,6.0,0.0,0.0,249.343,249.343,0.0,0.0,301.5,224.33,08/26,UH1SL405,  2,0,True,224.33,504.63,,55,,,1521,False,38 + 2,,0.0,2.5,106.56,False,False,2,,,,,C,,  1,2025-07-26 00:00:00.000
2025-07-23,178,CCB,2025-07-24 11:35:44.000,,1119,   6720,,BD2TI503,9,1,0.0,113.5,84.44,67.005,74.45,0.0,0.0,09/26,6.0,6.0,0.0,0.0,44.458,44.458,0.0,0.0,113.5,84.44,09/26,BD2TI503,  2,0,True,84.44,89.91,,56,,,1515,False,9 + 1,,0.0,2.5,19.0,False,False,2,,,,,C,,  1,2025-07-26 00:00:00.000
2025-07-23,178,CCB,2025-07-24 11:35:44.000,,1119,   6724,,DU5PA501A,10,0,0.0,200.0,148.809,131.19,131.19,0.0,0.0,03/28,6.0,6.0,0.0,0.0,87.053,87.053,0.0,0.0,200.0,148.809,03/28,DU5PA501A,  2,0,True,148.809,176.19,,57,,,1519,False,,,0.0,2.5,37.2,False,False,2,,,,,C,,  1,2025-07-26 00:00:00.000
2025-07-23,178,CCB,2025-07-24 11:35:44.000,,1119,   6718,,DM504,9,1,0.0,312.0,232.14,184.194,204.66,0.0,0.0,01/27,6.0,6.0,0.0,0.0,122.222,122.222,0.0,0.0,312.0,232.14,01/27,DM504,  2,0,True,232.14,247.32,,58,,,1513,False,9 + 1,,0.0,2.5,52.23,False,False,2,,,,,C,,  1,2025-07-26 13:25:55.999
2025-07-23,178,CCB,2025-07-26 13:25:55.999,,1119,   6726,,UH1SL405,19,1,0.0,301.5,224.33,187.882,197.77,0.0,0.0,08/26,6.0,6.0,0.0,0.0,255.736,255.736,0.0,0.0,301.5,224.33,08/26,UH1SL405,  2,0,True,224.33,504.63,,54,,,1521,False,38 + 2,,0.0,0.0,0.0,False,False,3,,,,,C,D,  1,2025-07-26 00:00:00.000
2025-07-23,178,CCB,2025-07-26 13:25:55.999,,1119,   6720,,BD2TI503,9,1,0.0,113.5,84.44,67.005,74.45,0.0,0.0,09/26,6.0,6.0,0.0,0.0,45.598,45.598,0.0,0.0,113.5,84.44,09/26,BD2TI503,  2,0,True,84.44,89.91,,55,,,1515,False,9 + 1,,0.0,0.0,0.0,False,False,3,,,,,C,D,  1,2025-07-26 00:00:00.000
2025-07-23,178,CCB,2025-07-26 13:25:55.999,,1119,   6724,,DU5PA501A,10,0,0.0,200.0,148.809,131.19,131.19,0.0,0.0,03/28,6.0,6.0,0.0,0.0,89.285,89.285,0.0,0.0,200.0,148.809,03/28,DU5PA501A,  2,0,True,148.809,176.19,,56,,,1519,False,,,0.0,0.0,0.0,False,False,3,,,,,C,D,  1,2025-07-26 00:00:00.000
2025-07-23,178,CCB,2025-07-26 13:25:55.999,,1119,   6718,,DM504,9,1,0.0,312.0,232.14,184.194,204.66,0.0,0.0,01/27,6.0,6.0,0.0,0.0,125.356,125.356,0.0,0.0,312.0,232.14,01/27,DM504,  2,0,True,232.14,247.32,,57,,,1513,False,9 + 1,,0.0,0.0,0.0,False,False,3,,,,,C,D,  1,2025-07-26 13:26:59.000
2025-07-23,178,CCB,2025-07-26 13:26:59.000,,1119,   6721,,ED1PC501,19,1,0.0,277.5,198.21,172.938,182.04,0.0,0.0,01/27,6.0,6.0,0.0,0.0,225.959,225.959,0.0,0.0,277.5,198.21,01/27,ED1PC501,  2,0,True,198.21,307.23,,58,,,1516,False,38 + 2,,0.0,0.0,0.0,False,False,4,,,,,C,,  1,2025-07-26 13:28:09.999
2025-07-23,178,CCB,2025-07-26 13:28:09.999,,1119,   6721,,ED1PC501,19,1,0.0,277.5,198.21,172.938,182.04,0.0,0.0,01/27,6.0,6.0,0.0,0.0,220.31,220.31,0.0,0.0,277.5,198.21,01/27,ED1PC501,  2,0,True,198.21,307.23,,59,,,1516,False,38 + 2,,0.0,2.5,94.15,False,False,5,,,,,C,D,  1,2025-07-26 00:00:00.000
2025-07-23,178,CCB,2025-07-26 13:28:09.999,,1119,   6726,,UH1SL405,19,1,0.0,301.5,212.256,187.881,197.77,0.0,0.0,08/26,6.0,6.0,0.0,0.0,235.922,235.922,0.0,0.0,301.5,212.256,08/26,UH1SL405,  2,0,True,212.256,275.24,,60,,,1521,False,38 + 2,,0.0,2.5,100.82,False,False,5,,,,,C,,  1,2025-07-26 00:00:00.000
2025-07-23,178,CCB,2025-07-26 13:28:09.999,,1119,   6720,,BD2TI503,9,1,0.0,113.5,81.07,67.005,74.45,0.0,0.0,09/26,6.0,6.0,0.0,0.0,42.683,42.683,0.0,0.0,113.5,81.07,09/26,BD2TI503,  2,0,True,81.07,59.58,,61,,,1515,False,9 + 1,,0.0,2.5,18.24,False,False,5,,,,,C,,  1,2025-07-26 00:00:00.000
2025-07-23,178,CCB,2025-07-26 13:28:09.999,,1119,   6724,,DU5PA501A,10,0,0.0,200.0,142.86,131.19,131.19,0.0,0.0,03/28,6.0,6.0,0.0,0.0,83.573,83.573,0.0,0.0,200.0,142.86,03/28,DU5PA501A,  2,0,True,142.86,116.7,,62,,,1519,False,,,0.0,2.5,35.72,False,False,5,,,,,C,,  1,2025-07-26 00:00:00.000
2025-07-23,178,CCB,2025-07-26 13:28:09.999,,1119,   6718,,DM504,9,1,0.0,312.0,222.86,184.194,204.66,0.0,0.0,01/27,6.0,6.0,0.0,0.0,117.336,117.336,0.0,0.0,312.0,222.86,01/27,DM504,  2,0,True,222.86,163.8,,63,,,1513,False,9 + 1,,0.0,2.5,50.14,False,False,5,,,,,C,,  1,2025-07-26 13:34:09.000
2025-07-23,178,CCB,2025-07-26 13:34:09.000,,1119,   6726,,UH1SL405,19,1,0.0,301.5,212.256,187.881,197.77,0.0,0.0,08/26,6.0,6.0,0.0,0.0,241.972,241.972,0.0,0.0,301.5,212.256,08/26,UH1SL405,  2,0,True,212.256,275.24,,64,,,1521,False,38 + 2,,0.0,0.0,0.0,False,False,6,,,,,C,,  1,2025-07-26 00:00:00.000
2025-07-23,178,CCB,2025-07-26 13:34:09.000,,1119,   6720,,BD2TI503,9,1,0.0,113.5,81.07,67.005,74.45,0.0,0.0,09/26,6.0,6.0,0.0,0.0,43.778,43.778,0.0,0.0,113.5,81.07,09/26,BD2TI503,  2,0,True,81.07,59.58,,65,,,1515,False,9 + 1,,0.0,0.0,0.0,False,False,6,,,,,C,,  1,2025-07-26 00:00:00.000
2025-07-23,178,CCB,2025-07-26 13:34:09.000,,1119,   6724,,DU5PA501A,10,0,0.0,200.0,142.86,131.19,131.19,0.0,0.0,03/28,6.0,6.0,0.0,0.0,85.716,85.716,0.0,0.0,200.0,142.86,03/28,DU5PA501A,  2,0,True,142.86,116.7,,66,,,1519,False,,,0.0,0.0,0.0,False,False,6,,,,,C,,  1,2025-07-26 00:00:00.000
2025-07-23,178,CCB,2025-07-26 13:34:09.000,,1119,   6718,,DM504,9,1,0.0,312.0,222.86,184.194,204.66,0.0,0.0,01/27,6.0,6.0,0.0,0.0,120.344,120.344,0.0,0.0,312.0,222.86,01/27,DM504,  2,0,True,222.86,163.8,,67,,,1513,False,9 + 1,,0.0,0.0,0.0,False,False,6,,,,,C,,  1,2025-07-26 13:34:54.000
2025-07-23,178,CCB,2025-07-26 13:34:54.000,,1119,   6726,,UH1SL405,19,1,0.0,301.5,212.256,187.881,197.77,0.0,0.0,08/26,6.0,6.0,0.0,0.0,235.923,235.923,0.0,0.0,301.5,212.256,08/26,UH1SL405,  2,0,True,212.256,275.24,,68,,,1521,False,38 + 2,,0.0,2.5,100.82,False,False,7,,,,,C,,  1,2025-07-26 00:00:00.000
2025-07-23,178,CCB,2025-07-26 13:34:54.000,,1119,   6720,,BD2TI503,9,1,0.0,113.5,81.07,67.005,74.45,0.0,0.0,09/26,6.0,6.0,0.0,0.0,42.683,42.683,0.0,0.0,113.5,81.07,09/26,BD2TI503,  2,0,True,81.07,59.58,,69,,,1515,False,9 + 1,,0.0,2.5,18.24,False,False,7,,,,,C,,  1,2025-07-26 00:00:00.000
2025-07-23,178,CCB,2025-07-26 13:34:54.000,,1119,   6724,,DU5PA501A,10,0,0.0,200.0,142.86,131.19,131.19,0.0,0.0,03/28,6.0,6.0,0.0,0.0,83.573,83.573,0.0,0.0,200.0,142.86,03/28,DU5PA501A,  2,0,True,142.86,116.7,,70,,,1519,False,,,0.0,2.5,35.72,False,False,7,,,,,C,,  1,2025-07-26 00:00:00.000
2025-07-23,178,CCB,2025-07-26 13:34:54.000,,1119,   6718,,DM504,9,1,0.0,312.0,222.86,184.194,204.66,0.0,0.0,01/27,6.0,6.0,0.0,0.0,117.336,117.336,0.0,0.0,312.0,222.86,01/27,DM504,  2,0,True,222.86,163.8,,71,,,1513,False,9 + 1,,0.0,2.5,50.14,False,False,7,,,,,C,,  1,2025-07-26 00:00:00.000
2025-07-23,178,CCB,2025-07-26 13:34:54.000,,1119,   6721,,ED1PC501,19,1,0.0,277.5,180.36,172.938,182.04,0.0,0.0,01/27,6.0,6.0,0.0,0.0,200.47,200.47,0.0,0.0,277.5,180.36,01/27,ED1PC501,  2,0,True,180.36,-31.92,,72,,,1516,False,38 + 2,,0.0,2.5,85.67,False,False,7,,,,,C,D,  1,2025-07-26 15:00:34.000
2025-07-23,178,CCB,2025-07-26 15:00:34.000,,1119,   6726,,UH1SL405,19,1,0.0,301.5,212.256,187.881,197.77,0.0,0.0,08/26,6.0,6.0,0.0,0.0,241.972,241.972,0.0,0.0,301.5,212.256,08/26,UH1SL405,  2,0,True,212.256,275.24,,73,,,1521,False,38 + 2,,0.0,0.0,0.0,False,False,8,,,,,C,,  1,2025-07-26 00:00:00.000
2025-07-23,178,CCB,2025-07-26 15:00:34.000,,1119,   6720,,BD2TI503,9,1,0.0,113.5,81.07,67.005,74.45,0.0,0.0,09/26,6.0,6.0,0.0,0.0,43.778,43.778,0.0,0.0,113.5,81.07,09/26,BD2TI503,  2,0,True,81.07,59.58,,74,,,1515,False,9 + 1,,0.0,0.0,0.0,False,False,8,,,,,C,,  1,2025-07-26 00:00:00.000
2025-07-23,178,CCB,2025-07-26 15:00:34.000,,1119,   6724,,DU5PA501A,10,0,0.0,200.0,142.86,131.19,131.19,0.0,0.0,03/28,6.0,6.0,0.0,0.0,85.716,85.716,0.0,0.0,200.0,142.86,03/28,DU5PA501A,  2,0,True,142.86,116.7,,75,,,1519,False,,,0.0,0.0,0.0,False,False,8,,,,,C,,  1,2025-07-26 00:00:00.000
2025-07-23,178,CCB,2025-07-26 15:00:34.000,,1119,   6718,,DM504,9,1,0.0,312.0,222.86,184.194,204.66,0.0,0.0,01/27,6.0,6.0,0.0,0.0,120.344,120.344,0.0,0.0,312.0,222.86,01/27,DM504,  2,0,True,222.86,163.8,,76,,,1513,False,9 + 1,,0.0,0.0,0.0,False,False,8,,,,,C,,  1,2025-07-26 15:02:06.999
2025-08-01,186,CCB,2025-08-01 17:16:21.000,,1119,   6720,,BD2TI503,9,1,0.0,113.5,81.07,67.005,74.45,0.0,0.0,09/26,6.0,6.0,0.0,0.0,42.464,42.464,0.0,0.0,113.5,81.07,09/26,BD2TI503,  2,0,True,81.07,59.58,,7,,,1515,False,9 + 1,,0.0,3.0,21.89,False,False,0,,,,,C,,  1,2025-08-02 00:00:00.000
2025-08-01,186,CCB,2025-08-01 17:16:21.000,,1119,   6722,,ED2PC505,19,1,0.0,369.5,263.95,230.261,242.38,0.0,0.0,01/27,6.0,6.0,0.0,0.0,291.876,291.876,0.0,0.0,369.5,263.95,01/27,ED2PC505,  2,0,True,268.93,409.83,,8,,,1517,False,19 + 1,,0.0,3.0,150.45,False,False,0,,,,,C,D,  1,2025-08-02 13:20:55.000
2025-08-06,190,CCB,2025-08-06 12:27:36.999,,1119,   6720,,BD2TI503,35,5,0.0,113.5,81.07,67.01,74.45,0.0,0.0,09/26,6.0,6.0,0.0,0.0,165.14,165.14,0.0,0.0,113.5,81.07,09/26,BD2TI503,  2,0,True,81.07,157.05,,19,,,1515,False,35 + 5,,0.0,3.0,85.12,False,False,0,,,,,C,C,  1,2025-08-06 12:32:58.000
2025-08-28,202,CCB,2025-08-28 12:00:56.000,,1061,   6709,,DZRBC24005,1,0,0.0,4029.0,360.0,350.0,350.0,0.0,0.0,11/26,6.0,6.0,0.0,0.0,21.6,21.6,0.0,0.0,4029.0,360.0,11/26,DZRBC24005,  2,0,True,360.0,10.0,,49,,,1580,False,,,0.0,0.0,0.0,False,False,0,,,,,C,,  1,2025-08-28 00:00:00.000
2025-08-28,202,CCB,2025-08-28 12:00:56.000,,1061,   2383,,05250097,2,0,0.0,1314.0,225.0,210.0,210.0,0.0,0.0,11/26,6.0,6.0,0.0,0.0,27.0,27.0,0.0,0.0,1314.0,225.0,11/26,05250097,  2,0,True,225.0,30.0,,50,,,1578,False,,,0.0,0.0,0.0,False,False,0,,,,,C,,  1,2025-08-28 12:05:49.999
2025-09-12,214,CCB,2025-09-12 17:36:05.000,,1117,   2752,,AL25027ADPK1,2,0,0.0,9369.0,4000.0,3700.0,3700.0,0.0,0.0,05/28,2.5,2.5,0.0,0.0,200.0,200.0,0.0,0.0,9369.0,4000.0,05/28,AL25027ADPK1,  2,0,False,4000.0,600.0,,33,,,1610,False,,,0.0,0.0,0.0,False,False,0,,,,,C,D,  1,2025-09-12 17:39:33.000
2025-09-12,214,CCB,2025-09-12 17:39:33.000,,1117,   2508,,GLE03N70A,1,0,0.0,470.0,180.0,120.0,120.0,0.0,0.0,11/25,2.5,2.5,0.0,0.0,4.5,4.5,0.0,0.0,470.0,180.0,11/25,GLE03N70A,  2,0,False,358.31,60.0,,34,,,16,False,,,0.0,0.0,0.0,False,False,1,,,,,C,D,  1,2025-09-12 17:40:00.999
2025-09-12,215,CCB,2025-09-12 19:48:32.999,,1051,   6414,,0325011,20,0,0.0,12.8,10.44,9.8,9.8,0.0,0.0,04/28,6.0,6.0,0.0,0.0,12.528,12.528,0.0,0.0,12.8,10.44,04/28,0325011,  2,0,True,10.44,12.8,,36,,,1616,False,,,0.0,0.0,0.0,False,False,0,,,,,C,,  1,2025-09-12 00:00:00.000
2025-09-12,215,CCB,2025-09-12 19:48:32.999,,1051,   6700,,G24E020540,25,0,0.0,197.0,22.4,11.0,11.0,0.0,0.0,09/29,6.0,6.0,0.0,0.0,33.6,33.6,0.0,0.0,197.0,22.4,09/29,G24E020540,  2,0,True,22.4,285.0,,37,,,1614,False,,,0.0,0.0,0.0,False,False,0,,,,,C,,  1,2025-09-12 00:00:00.000
2025-09-12,215,CCB,2025-09-12 19:48:32.999,,1051,   6700,,G24E020540,25,0,0.0,197.0,22.4,11.0,11.0,0.0,0.0,09/29,6.0,6.0,0.0,0.0,33.6,33.6,0.0,0.0,197.0,22.4,09/29,G24E020540,  2,0,True,22.4,285.0,,38,,,1615,False,,,0.0,0.0,0.0,False,False,0,,,,,C,,  1,2025-09-12 00:00:00.000
2025-09-12,215,CCB,2025-09-12 19:48:32.999,,1051,   6688,,C35022,5,0,0.0,23.52,12.59,8.501,8.501,0.0,0.0,05/28,6.0,6.0,0.0,0.0,3.777,3.777,0.0,0.0,23.52,12.59,05/28,C35022,  2,0,True,12.59,20.45,,39,,,1613,False,,,0.0,0.0,0.0,False,False,0,,,,,C,D,  1,2025-09-12 00:00:00.000
2025-09-12,215,CCB,2025-09-12 19:48:32.999,,1051,   1571,,5A00206,70,0,0.0,13.35,7.8,5.8,5.8,0.0,0.0,03/28,6.0,6.0,0.0,0.0,32.76,32.76,0.0,0.0,13.35,7.8,03/28,5A00206,  2,0,False,7.8,140.0,,40,,,1606,False,,,0.0,0.0,0.0,False,False,0,,,,,C,,  1,2025-09-12 00:00:00.000
2025-09-12,215,CCB,2025-09-12 19:48:32.999,,1051,   1571,,4560254,20,0,0.0,13.35,7.8,6.9,6.9,0.0,0.0,10/27,6.0,6.0,0.0,0.0,9.36,9.36,0.0,0.0,13.35,7.8,10/27,4560254,  2,0,False,7.8,18.0,,41,,,1612,False,,,0.0,0.0,0.0,False,False,0,,,,,C,,  1,2025-09-12 00:00:00.000
2025-09-12,215,CCB,2025-09-12 19:48:32.999,,1051,   6507,,533053JL2,200,0,0.0,11.0,3.45,2.7,2.7,0.0,0.0,07/30,6.0,6.0,0.0,0.0,41.4,41.4,0.0,0.0,11.0,3.45,07/30,533053JL2,  2,0,True,3.45,150.0,,42,,,1611,False,,,0.0,0.0,0.0,False,False,0,,,,,C,,  1,2025-09-12 00:00:00.000
2025-09-12,215,CCB,2025-09-12 19:48:32.999,,1051,   6554,,DLF250144,24,0,0.0,227.5,180.0,45.139,162.5,0.0,0.0,05/27,6.0,6.0,0.0,0.0,259.2,259.2,0.0,0.0,227.5,180.0,05/27,DLF250144,  2,0,True,180.0,3236.66,,43,,,1541,False,,,0.0,0.0,0.0,False,False,0,,,,,C,,  1,2025-09-12 19:49:36.000
2025-04-03,5,CCB,2025-04-03 12:55:32.999,,1108,   6640,,421,50,0,0.0,128.9,22.5,17.99,17.99,0.0,0.0,08/26,6.0,6.0,0.0,0.0,67.5,67.5,0.0,0.0,128.9,22.5,08/26,421,  2,0,True,22.5,225.5,,23,,,1144,False,,,0.0,0.0,0.0,False,False,3,,,,,C,,  1,2025-09-17 00:00:00.000
2025-04-03,5,CCB,2025-04-03 12:55:32.999,,1108,   6639,,24GL22N,10,0,0.0,2275.0,286.4,229.0,229.0,0.0,0.0,11/26,6.0,6.0,0.0,0.0,171.84,171.84,0.0,0.0,2275.0,286.4,11/26,24GL22N,  2,0,True,286.4,574.0,,24,,,1143,False,,,0.0,0.0,0.0,False,False,3,,,,,C,,  1,2025-09-17 00:00:00.000
2025-04-03,5,CCB,2025-04-03 12:55:32.999,,1108,   6638,,LI532507E,50,0,0.0,470.35,118.0,99.0,99.0,0.0,0.0,01/27,2.5,2.5,0.0,0.0,147.5,147.5,0.0,0.0,470.35,118.0,01/27,LI532507E,  2,0,True,118.0,950.0,,25,,,1142,False,,,0.0,0.0,0.0,False,False,3,,,,,C,,  1,2025-09-17 00:00:00.000
2025-04-03,5,CCB,2025-04-03 12:55:32.999,,1108,   6641,,L1542413D,75,0,0.0,705.53,130.0,109.0,109.0,0.0,0.0,03/26,6.0,6.0,0.0,0.0,585.0,585.0,0.0,0.0,705.53,130.0,03/26,L1542413D,  2,0,True,130.0,1575.0,,26,,,1145,False,,,0.0,0.0,0.0,False,False,3,,,,,C,D,  1,2025-09-17 00:00:00.000
2025-04-03,5,CCB,2025-04-03 12:55:32.999,,1108,   6641,,L1542505A,25,0,0.0,705.53,130.0,109.0,109.0,0.0,0.0,12/26,6.0,6.0,0.0,0.0,195.0,195.0,0.0,0.0,705.53,130.0,12/26,L1542505A,  2,0,True,130.0,525.0,,27,,,1146,False,,,0.0,0.0,0.0,False,False,3,,,,,C,D,  1,2025-09-17 16:10:34.000
2025-04-03,5,CCB,2025-09-17 16:10:34.000,,1108,   6640,,421,50,0,0.0,128.9,22.5,17.99,17.99,0.0,0.0,08/26,6.0,6.0,0.0,0.0,67.5,67.5,0.0,0.0,128.9,22.5,08/26,421,  2,0,True,22.5,225.5,,178,,,1144,False,,,0.0,0.0,0.0,False,False,4,,,,,C,,  1,2025-09-17 00:00:00.000
2025-04-03,5,CCB,2025-09-17 16:10:34.000,,1108,   6639,,24GL22N,10,0,0.0,2275.0,286.4,229.0,229.0,0.0,0.0,11/26,6.0,6.0,0.0,0.0,171.84,171.84,0.0,0.0,2275.0,286.4,11/26,24GL22N,  2,0,True,286.4,574.0,,179,,,1143,False,,,0.0,0.0,0.0,False,False,4,,,,,C,,  1,2025-09-17 00:00:00.000
2025-04-03,5,CCB,2025-09-17 16:10:34.000,,1108,   6638,,LI532507E,50,0,0.0,470.35,118.0,99.0,99.0,0.0,0.0,01/27,2.5,2.5,0.0,0.0,147.5,147.5,0.0,0.0,470.35,118.0,01/27,LI532507E,  2,0,True,118.0,950.0,,180,,,1142,False,,,0.0,0.0,0.0,False,False,4,,,,,C,,  1,2025-09-17 16:10:54.000
2025-04-03,5,CCB,2025-09-17 16:10:54.000,,1108,   6640,,421,50,0,0.0,128.9,22.5,17.99,17.99,0.0,0.0,08/26,6.0,6.0,0.0,0.0,67.5,67.5,0.0,0.0,128.9,22.5,08/26,421,  2,0,True,22.5,225.5,,181,,,1144,False,,,0.0,0.0,0.0,False,False,5,,,,,C,,  1,2025-09-17 00:00:00.000
2025-04-03,5,CCB,2025-09-17 16:10:54.000,,1108,   6639,,24GL22N,10,0,0.0,2275.0,286.4,229.0,229.0,0.0,0.0,11/26,6.0,6.0,0.0,0.0,171.84,171.84,0.0,0.0,2275.0,286.4,11/26,24GL22N,  2,0,True,286.4,574.0,,182,,,1143,False,,,0.0,0.0,0.0,False,False,5,,,,,C,,  1,2025-09-17 00:00:00.000
2025-04-03,5,CCB,2025-09-17 16:10:54.000,,1108,   6638,,LI532507E,50,0,0.0,470.35,118.0,99.0,99.0,0.0,0.0,01/27,2.5,2.5,0.0,0.0,147.5,147.5,0.0,0.0,470.35,118.0,01/27,LI532507E,  2,0,True,118.0,950.0,,183,,,1142,False,,,0.0,0.0,0.0,False,False,5,,,,,C,,  1,2025-09-17 00:00:00.000
2025-04-03,5,CCB,2025-09-17 16:10:54.000,,1108,   6641,,L1542413D,75,0,0.0,705.53,130.0,109.0,109.0,0.0,0.0,03/26,2.5,2.5,0.0,0.0,243.75,243.75,0.0,0.0,705.53,130.0,03/26,L1542413D,  2,0,True,130.0,1575.0,,184,,,1145,False,,,0.0,0.0,0.0,False,False,5,,,,,C,D,  1,2025-09-17 00:00:00.000
2025-04-03,5,CCB,2025-09-17 16:10:54.000,,1108,   6641,,L1542505A,25,0,0.0,705.53,130.0,109.0,109.0,0.0,0.0,12/26,2.5,2.5,0.0,0.0,81.25,81.25,0.0,0.0,705.53,130.0,12/26,L1542505A,  2,0,True,130.0,525.0,,185,,,1146,False,,,0.0,0.0,0.0,False,False,5,,,,,C,D,  1,2025-09-17 16:11:50.999
2025-04-03,5,CCB,2025-09-17 16:11:50.999,,1108,   6640,,421,50,0,0.0,128.9,22.5,17.99,17.99,0.0,0.0,08/26,6.0,6.0,0.0,0.0,67.5,67.5,0.0,0.0,128.9,22.5,08/26,421,  2,0,True,22.5,225.5,,186,,,1144,False,,,0.0,0.0,0.0,False,False,6,,,,,C,,  1,2025-09-17 00:00:00.000
2025-04-03,5,CCB,2025-09-17 16:11:50.999,,1108,   6639,,24GL22N,10,0,0.0,2275.0,286.4,229.0,229.0,0.0,0.0,11/26,6.0,6.0,0.0,0.0,171.84,171.84,0.0,0.0,2275.0,286.4,11/26,24GL22N,  2,0,True,286.4,574.0,,187,,,1143,False,,,0.0,0.0,0.0,False,False,6,,,,,C,,  1,2025-09-17 00:00:00.000
2025-04-03,5,CCB,2025-09-17 16:11:50.999,,1108,   6638,,LI532507E,50,0,0.0,470.35,118.0,99.0,99.0,0.0,0.0,01/27,2.5,2.5,0.0,0.0,147.5,147.5,0.0,0.0,470.35,118.0,01/27,LI532507E,  2,0,True,118.0,950.0,,188,,,1142,False,,,0.0,0.0,0.0,False,False,6,,,,,C,,  1,2025-09-17 16:13:25.000
2025-06-14,26,CSB,2025-06-14 13:53:44.000,,5,   6604,,25DB23D,6,0,0.0,214.0,85.98,45.0,45.0,0.0,0.0,01/27,6.0,6.0,0.0,0.0,30.953,30.953,0.0,0.0,214.0,85.98,01/27,25DB23D,  3,0,True,65.0,245.88,,168,,,1055,False,,,0.0,0.0,0.0,False,False,1,,,,,C,,  1,2025-09-17 00:00:00.000
2025-06-14,26,CSB,2025-06-14 13:53:44.000,,5,   6688,,C35002,6,0,0.0,23.52,12.59,8.501,8.501,0.0,0.0,12/26,6.0,6.0,0.0,0.0,4.532,4.532,0.0,0.0,23.52,12.59,12/26,C35002,  3,0,True,12.59,24.53,,169,,,1388,False,,,0.0,0.0,0.0,False,False,1,,,,,C,,  1,2025-09-17 00:00:00.000
2025-06-14,26,CSB,2025-06-14 13:53:44.000,,5,   6607,,D0022501L,2,0,0.0,809.78,325.0,75.0,75.0,0.0,0.0,12/26,6.0,6.0,0.0,0.0,39.0,39.0,0.0,0.0,809.78,325.0,12/26,D0022501L,  3,0,True,220.0,500.0,,170,,,1012,False,,,0.0,0.0,0.0,False,False,1,,,,,C,,  1,2025-09-17 00:00:00.000
2025-06-14,26,CSB,2025-06-14 13:53:44.000,,5,   6585,,24GK07G,4,0,0.0,56.5,11.5,8.25,8.25,0.0,0.0,10/26,6.0,6.0,0.0,0.0,2.76,2.76,0.0,0.0,56.5,11.5,10/26,24GK07G,  3,0,True,11.5,13.0,,171,,,903,False,,,0.0,0.0,0.0,False,False,1,,,,,C,,  1,2025-09-17 00:00:00.000
2025-06-14,26,CSB,2025-06-14 13:53:44.000,,5,   1571,,4S60273,6,0,0.0,13.35,7.8,5.8,5.8,0.0,0.0,11/27,6.0,6.0,0.0,0.0,2.808,2.808,0.0,0.0,13.35,7.8,11/27,4S60273,  3,0,False,7.8,12.0,,172,,,1405,False,,,0.0,0.0,0.0,False,False,1,,,,,C,,  1,2025-09-17 00:00:00.000
2025-06-14,26,CSB,2025-06-14 13:53:44.000,,5,   6457,,DK40586,6,0,0.0,448.8,130.0,28.0,28.0,0.0,0.0,10/26,6.0,6.0,0.0,0.0,46.8,46.8,0.0,0.0,448.8,130.0,10/26,DK40586,  3,0,True,38.39,612.0,,173,,,1363,False,,,0.0,0.0,0.0,False,False,1,,,,,C,,  1,2025-09-17 00:00:00.000
2025-06-14,26,CSB,2025-06-14 13:53:44.000,,5,   3976,,KP247363,5,0,0.0,45.16,14.0,11.727,12.09,0.0,0.0,10/26,6.0,6.0,0.0,0.0,4.2,4.2,0.0,0.0,45.16,14.0,10/26,KP247363,  3,0,False,14.0,11.37,,174,,,1406,False,,,0.0,0.0,0.0,False,False,1,,,,,C,,  1,2025-09-17 00:00:00.000
2025-06-14,26,CSB,2025-06-14 13:53:44.000,,5,   3950,,V305872,10,0,0.0,66.25,36.5,34.435,35.5,0.0,0.0,01/26,6.0,6.0,0.0,0.0,21.9,21.9,0.0,0.0,66.25,36.5,01/26,V305872,  3,0,False,36.5,20.65,,175,,,1407,False,,,0.0,0.0,0.0,False,False,1,,,,,C,,  1,2025-09-17 00:00:00.000
2025-06-14,26,CSB,2025-06-14 13:53:44.000,,5,   6687,,1303318,15,0,0.0,47.51,31.81,27.16,28.0,0.0,0.0,07/26,6.0,6.0,0.0,0.0,28.629,28.629,0.0,0.0,47.51,31.81,07/26,1303318,  3,0,True,31.81,69.75,,176,,,1387,False,,,0.0,0.0,0.0,False,False,1,,,,,C,,  1,2025-09-17 00:00:00.000
2025-06-14,26,CSB,2025-06-14 13:53:44.000,,5,   6347,,SB9253,20,0,0.0,28.25,18.0,15.5,15.5,0.0,0.0,04/27,6.0,6.0,0.0,0.0,21.6,21.6,0.0,0.0,28.25,18.0,04/27,SB9253,  3,0,True,18.0,50.0,,177,,,1404,False,,,0.0,0.0,0.0,False,False,1,,,,,C,,  1,2025-09-17 00:00:00.000
2025-06-14,26,CSB,2025-06-14 13:53:44.000,,5,   6347,,24334,7,0,0.0,28.25,18.0,17.0,17.0,0.0,0.0,09/27,6.0,6.0,0.0,0.0,7.56,7.56,0.0,0.0,28.25,18.0,09/27,24334,  3,0,True,18.0,7.0,,178,,,1112,False,,,0.0,0.0,0.0,False,False,1,,,,,C,,  1,2025-09-17 00:00:00.000
2025-06-14,26,CSB,2025-06-14 13:53:44.000,,5,   6689,,IGNITE,2,0,0.0,120.0,32.0,6.0,6.0,0.0,0.0,08/28,6.0,6.0,0.0,0.0,3.84,3.84,0.0,0.0,120.0,32.0,08/28,IGNITE,  3,0,True,32.0,52.0,,179,,,1389,False,,,0.0,0.0,0.0,False,False,1,,,,,C,,  1,2025-09-17 00:00:00.000
2025-06-14,26,CSB,2025-06-14 13:53:44.000,,5,   6690,,4003125A,2,0,0.0,184.0,82.8,11.0,11.0,0.0,0.0,12/29,6.0,6.0,0.0,0.0,9.936,9.936,0.0,0.0,184.0,82.8,12/29,4003125A,  3,0,True,82.8,143.6,,180,,,1390,False,,,0.0,0.0,0.0,False,False,1,,,,,C,,  1,2025-09-17 00:00:00.000
2025-06-14,26,CSB,2025-06-14 13:53:44.000,,5,   6691,,41123S08G,10,0,0.0,29.0,13.05,4.5,4.5,0.0,0.0,10/25,6.0,6.0,0.0,0.0,7.83,7.83,0.0,0.0,29.0,13.05,10/25,41123S08G,  3,0,True,13.05,85.5,,181,,,1391,False,,,0.0,0.0,0.0,False,False,1,,,,,C,,  1,2025-09-17 00:00:00.000
2025-06-14,26,CSB,2025-06-14 13:53:44.000,,5,   6692,,G24K010524,4,0,0.0,401.0,75.0,25.0,25.0,0.0,0.0,10/29,6.0,6.0,0.0,0.0,18.0,18.0,0.0,0.0,401.0,75.0,10/29,G24K010524,  3,0,True,75.0,200.0,,182,,,1392,False,,,0.0,0.0,0.0,False,False,1,,,,,C,,  1,2025-09-17 00:00:00.000
2025-06-14,26,CSB,2025-06-14 13:53:44.000,,5,   3530,,2503042005,1,0,0.0,173.0,50.0,37.0,37.0,0.0,0.0,12/27,3.0,3.0,0.0,0.0,1.5,1.5,0.0,0.0,173.0,50.0,12/27,2503042005,  3,0,False,50.0,13.0,,183,,,1393,False,,,0.0,0.0,0.0,False,False,1,,,,,C,D,  1,2025-09-17 00:00:00.000
2025-06-14,26,CSB,2025-06-14 13:53:44.000,,5,   6693,,P23CO2,1,0,0.0,150.0,82.5,58.0,58.0,0.0,0.0,07/27,6.0,6.0,0.0,0.0,4.95,4.95,0.0,0.0,150.0,82.5,07/27,P23CO2,  3,0,True,82.5,24.5,,184,,,1394,False,,,0.0,0.0,0.0,False,False,1,,,,,C,,  1,2025-09-17 00:00:00.000
2025-06-14,26,CSB,2025-06-14 13:53:44.000,,5,   6694,,G25011105,1,0,0.0,572.0,178.0,78.0,78.0,0.0,0.0,12/29,2.5,2.5,0.0,0.0,4.45,4.45,0.0,0.0,572.0,178.0,12/29,G25011105,  3,0,True,178.0,100.0,,185,,,1395,False,,,0.0,0.0,0.0,False,False,1,,,,,C,,  1,2025-09-17 00:00:00.000
2025-06-14,26,CSB,2025-06-14 13:53:44.000,,5,   6630,,505105NG1,10,0,0.0,23.0,15.0,3.95,3.95,0.0,0.0,12/29,6.0,6.0,0.0,0.0,9.0,9.0,0.0,0.0,23.0,15.0,12/29,505105NG1,  3,0,True,5.0,110.5,,186,,,1089,False,,,0.0,0.0,0.0,False,False,1,,,,,C,,  1,2025-09-17 00:00:00.000
2025-06-14,26,CSB,2025-06-14 13:53:44.000,,5,   6507,,429104JG2,10,0,0.0,7.5,5.0,2.45,2.45,0.0,0.0,06/29,6.0,6.0,0.0,0.0,3.0,3.0,0.0,0.0,7.5,5.0,06/29,429104JG2,  3,0,True,3.45,25.5,,187,,,536,False,,,0.0,0.0,0.0,False,False,1,,,,,C,,  1,2025-09-17 00:00:00.000
2025-06-14,26,CSB,2025-06-14 13:53:44.000,,5,   6614,,KA2501,2,0,0.0,299.0,120.0,26.0,26.0,0.0,0.0,00/00,9.0,9.0,0.0,0.0,21.6,21.6,0.0,0.0,299.0,120.0,00/00,KA2501,  3,0,True,120.0,188.0,,188,,,1396,False,,,0.0,0.0,0.0,False,False,1,,,,,C,,  1,2025-09-17 00:00:00.000
2025-06-14,26,CSB,2025-06-14 13:53:44.000,,5,   6696,,G24F011212,1,0,0.0,392.0,176.4,60.0,60.0,0.0,0.0,08/29,6.0,6.0,0.0,0.0,10.584,10.584,0.0,0.0,392.0,176.4,08/29,G24F011212,  3,0,True,176.4,116.4,,189,,,1399,False,,,0.0,0.0,0.0,False,False,1,,,,,C,,  1,2025-09-17 00:00:00.000
2025-06-14,26,CSB,2025-06-14 13:53:44.000,,5,   6615,,RCARE,1,0,0.0,800.0,350.0,190.0,190.0,0.0,0.0,00/00,6.0,6.0,0.0,0.0,21.0,21.0,0.0,0.0,800.0,350.0,00/00,RCARE,  3,0,True,350.0,160.0,,190,,,1398,False,,,0.0,0.0,0.0,False,False,1,,,,,C,,  1,2025-09-17 00:00:00.000
2025-06-14,26,CSB,2025-06-14 13:53:44.000,,5,   6697,,G24E001171,1,0,0.0,151.0,50.0,29.0,29.0,0.0,0.0,04/29,6.0,6.0,0.0,0.0,3.0,3.0,0.0,0.0,151.0,50.0,04/29,G24E001171,  3,0,True,50.0,21.0,,191,,,1400,False,,,0.0,0.0,0.0,False,False,1,,,,,C,,  1,2025-09-17 00:00:00.000
2025-06-14,26,CSB,2025-06-14 13:53:44.000,,5,   6698,,G25B011048,2,0,0.0,89.0,15.0,8.0,8.0,0.0,0.0,01/30,6.0,6.0,0.0,0.0,1.8,1.8,0.0,0.0,89.0,15.0,01/30,G25B011048,  3,0,True,15.0,14.0,,192,,,1401,False,,,0.0,0.0,0.0,False,False,1,,,,,C,,  1,2025-09-17 00:00:00.000
2025-06-14,26,CSB,2025-06-14 13:53:44.000,,5,   6698,,G25B010949,2,0,0.0,89.0,15.0,8.0,8.0,0.0,0.0,01/30,6.0,6.0,0.0,0.0,1.8,1.8,0.0,0.0,89.0,15.0,01/30,G25B010949,  3,0,True,15.0,14.0,,193,,,1402,False,,,0.0,0.0,0.0,False,False,1,,,,,C,,  1,2025-09-17 00:00:00.000
2025-06-14,26,CSB,2025-06-14 13:53:44.000,,5,   6699,,ONEDRIP,3,0,0.0,39.04,21.45,18.0,18.0,0.0,0.0,04/28,6.0,6.0,0.0,0.0,3.861,3.861,0.0,0.0,39.04,21.45,04/28,ONEDRIP,  3,0,True,21.45,10.35,,194,,,1403,False,,,0.0,0.0,0.0,False,False,1,,,,,C,,  1,2025-09-17 00:00:00.000
2025-06-14,26,CSB,2025-06-14 13:53:44.000,,5,   6261,,PT23RL0139C,3,0,0.0,63.26,19.5,18.5,18.5,0.0,0.0,10/25,6.0,6.0,0.0,0.0,3.51,3.51,0.0,0.0,63.26,19.5,10/25,PT23RL0139C,  3,0,True,19.5,3.0,,195,,,54,False,,,0.0,0.0,0.0,False,False,1,,,,,C,,  1,2025-09-17 00:00:00.000
2025-06-14,26,CSB,2025-06-14 13:53:44.000,,5,   6464,,4C40255,12,0,0.0,22.0,9.8,9.0,9.0,0.0,0.0,03/27,6.0,6.0,0.0,0.0,7.056,7.056,0.0,0.0,22.0,9.8,03/27,4C40255,  3,0,True,11.0,9.6,,196,,,1154,False,,,0.0,0.0,0.0,False,False,1,,,,,C,,  1,2025-09-17 00:00:00.000
2025-06-14,26,CSB,2025-06-14 13:53:44.000,,5,   6631,,445022ANJI,10,0,0.0,5.4,5.4,1.9,1.9,0.0,0.0,10/29,6.0,6.0,0.0,0.0,3.24,3.24,0.0,0.0,5.4,5.4,10/29,445022ANJI,  3,0,True,2.0,35.0,,197,,,1090,False,,,0.0,0.0,0.0,False,False,1,,,,,C,,  1,2025-09-17 17:52:12.999
2025-09-29,228,CCB,2025-09-29 16:44:14.999,,1098,   2701,,AT25247A,2,0,0.0,1283.9,180.0,130.0,130.0,0.0,0.0,04/28,2.5,2.5,0.0,0.0,9.0,9.0,0.0,0.0,1283.9,180.0,04/28,AT25247A,  2,0,True,180.0,100.0,,133,,,1780,False,,,0.0,0.0,0.0,False,False,0,,,,,C,C,  1,2025-09-29 16:47:55.999
2025-10-01,229,CCB,2025-10-01 12:50:48.000,,1061,   2383,,05241394,2,0,0.0,1231.87,225.0,182.0,182.0,0.0,0.0,08/26,2.5,2.5,0.0,0.0,11.25,11.25,0.0,0.0,1231.87,225.0,08/26,05241394,  2,0,True,225.0,86.0,,1,,,1783,False,,,0.0,0.0,0.0,False,False,0,,,,,C,,  1,2025-10-03 00:00:00.000
2025-10-01,229,CCB,2025-10-01 12:50:48.000,,1061,   3932,,393232,1,0,0.0,1690.78,517.86,494.96,494.96,0.0,0.0,03/27,2.5,2.5,0.0,0.0,12.947,12.947,0.0,0.0,1690.78,517.86,03/27,393232,  2,0,False,517.86,22.9,,2,,,1781,False,,,0.0,0.0,0.0,False,False,0,,,,,C,,  1,2025-10-03 00:00:00.000
2025-10-01,229,CCB,2025-10-01 12:50:48.000,,1061,   3931,,392045,1,0,0.0,554.53,214.28,207.32,207.32,0.0,0.0,04/27,2.5,2.5,0.0,0.0,5.357,5.357,0.0,0.0,554.53,214.28,04/27,392045,  2,0,True,214.28,6.96,,3,,,1782,False,,,0.0,0.0,0.0,False,False,0,,,,,C,,  1,2025-10-03 11:37:20.000
2025-09-22,225,CCB,2025-09-22 15:49:48.000,,1119,   6726,,UH1SL405,19,0,0.0,301.5,212.256,187.882,197.77,0.0,0.0,08/26,6.0,6.0,0.0,0.0,241.972,241.972,0.0,0.0,301.5,212.256,08/26,UH1SL405,  2,0,True,212.256,463.1,,127,,,1521,False,,,0.0,0.0,0.0,False,False,0,,,,,C,C,  1,2025-10-04 00:00:00.000
2025-09-22,225,CCB,2025-09-22 15:49:48.000,,1119,   6724,,DU5PA501A,10,0,0.0,200.0,142.86,131.19,131.19,0.0,0.0,03/28,6.0,6.0,0.0,0.0,85.716,85.716,0.0,0.0,200.0,142.86,03/28,DU5PA501A,  2,0,True,142.86,116.7,,128,,,1519,False,,,0.0,0.0,0.0,False,False,0,,,,,C,,  1,2025-10-04 12:06:33.999
2025-09-22,224,CCB,2025-09-22 15:48:47.000,,1126,   6762,,675F001,20,0,0.0,19.68,15.0,13.836,14.99,0.0,0.0,08/26,2.5,2.5,0.0,0.0,7.5,7.5,0.0,0.0,19.68,15.0,08/26,675F001,  2,0,True,15.0,23.28,,112,,,1768,False,,,0.0,0.0,0.0,False,False,0,,,,,C,,  1,2025-10-04 00:00:00.000
2025-09-22,224,CCB,2025-09-22 15:48:47.000,,1126,   6491,,VH1034036,5,0,0.0,38.6,12.0,8.5,8.5,0.0,0.0,06/26,6.0,6.0,0.0,0.0,3.6,3.6,0.0,0.0,38.6,12.0,06/26,VH1034036,  2,0,True,12.0,17.5,,113,,,1437,False,,,0.0,0.0,0.0,False,False,0,,,,,C,,  1,2025-10-04 00:00:00.000
2025-09-22,224,CCB,2025-09-22 15:48:47.000,,1126,   6722,,ED2PC505,2,0,0.0,369.5,268.93,230.261,242.38,0.0,0.0,01/27,6.0,6.0,0.0,0.0,32.272,32.272,0.0,0.0,369.5,268.93,01/27,ED2PC505,  2,0,True,268.93,77.34,,114,,,1517,False,,,0.0,0.0,0.0,False,False,0,,,,,C,D,  1,2025-10-04 00:00:00.000
2025-09-22,224,CCB,2025-09-22 15:48:47.000,,1126,   6419,,25770041,5,0,0.0,57.49,30.0,15.36,15.36,0.0,0.0,04/27,6.0,6.0,0.0,0.0,9.0,9.0,0.0,0.0,57.49,30.0,04/27,25770041,  2,0,True,30.0,73.2,,115,,,1760,False,,,0.0,0.0,0.0,False,False,0,,,,,C,,  1,2025-10-04 00:00:00.000
2025-09-22,224,CCB,2025-09-22 15:48:47.000,,1126,   6716,,250300511T,3,0,0.0,125.0,50.0,38.5,38.5,0.0,0.0,03/26,6.0,6.0,0.0,0.0,9.0,9.0,0.0,0.0,125.0,50.0,03/26,250300511T,  2,0,True,50.0,34.5,,116,,,1742,False,,,0.0,0.0,0.0,False,False,0,,,,,C,,  1,2025-10-04 00:00:00.000
2025-09-22,224,CCB,2025-09-22 15:48:47.000,,1126,   6716,,125*040117,7,0,0.0,117.19,50.0,38.5,38.5,0.0,0.0,04/28,6.0,6.0,0.0,0.0,21.0,21.0,0.0,0.0,117.19,50.0,04/28,125*040117,  2,0,True,50.0,80.5,,117,,,1770,False,,,0.0,0.0,0.0,False,False,0,,,,,C,,  1,2025-10-04 00:00:00.000
2025-09-22,224,CCB,2025-09-22 15:48:47.000,,1126,   6763,,SH25044A,12,0,0.0,69.23,56.32,52.75,52.75,0.0,0.0,04/27,2.5,2.5,0.0,0.0,16.896,16.896,0.0,0.0,69.23,56.32,04/27,SH25044A,  2,0,True,56.32,42.84,,118,,,1769,False,,,0.0,0.0,0.0,False,False,0,,,,,C,,  1,2025-10-04 00:00:00.000
2025-09-22,224,CCB,2025-09-22 15:48:47.000,,1126,   6701,,LDZ24310,10,0,0.0,14.18,10.0,8.0,8.0,0.0,0.0,03/26,6.0,6.0,0.0,0.0,6.0,6.0,0.0,0.0,14.18,10.0,03/26,LDZ24310,  2,0,True,10.0,20.0,,119,,,1480,False,,,0.0,0.0,0.0,False,False,0,,,,,C,,  1,2025-10-04 00:00:00.000
2025-09-22,224,CCB,2025-09-22 15:48:47.000,,1126,   6775,,239*25N006,12,0,0.0,224.06,108.0,93.0,93.0,0.0,0.0,12/29,2.5,2.5,0.0,0.0,32.4,32.4,0.0,0.0,224.06,108.0,12/29,239*25N006,  2,0,True,108.0,180.0,,120,,,1771,False,,,0.0,0.0,0.0,False,False,0,,,,,C,,  1,2025-10-04 00:00:00.000
2025-09-22,224,CCB,2025-09-22 15:48:47.000,,1126,   6776,,290*25N015,6,0,0.0,271.88,145.0,110.0,110.0,0.0,0.0,01/30,2.5,2.5,0.0,0.0,21.75,21.75,0.0,0.0,271.88,145.0,01/30,290*25N015,  2,0,True,145.0,210.0,,121,,,1772,False,,,0.0,0.0,0.0,False,False,0,,,,,C,,  1,2025-10-04 00:00:00.000
2025-09-22,224,CCB,2025-09-22 15:48:47.000,,1126,   6751,,SOFTSWAB,10,0,0.0,84.0,32.0,22.0,22.0,0.0,0.0,05/30,6.0,6.0,0.0,0.0,19.2,19.2,0.0,0.0,84.0,32.0,05/30,SOFTSWAB,  2,0,True,32.0,100.0,,122,,,1762,False,,,0.0,0.0,0.0,False,False,0,,,,,C,,  1,2025-10-04 00:00:00.000
2025-09-22,224,CCB,2025-09-22 15:48:47.000,,1126,   6714,,350*2,5,0,0.0,328.13,80.0,45.0,45.0,0.0,0.0,06/28,6.0,6.0,0.0,0.0,24.0,24.0,0.0,0.0,328.13,80.0,06/28,350*2,  2,0,True,80.0,175.0,,123,,,1773,False,,,0.0,0.0,0.0,False,False,0,,,,,C,,  1,2025-10-04 00:00:00.000
2025-09-22,224,CCB,2025-09-22 15:48:47.000,,1126,   6777,,210*2,5,0,0.0,196.88,62.5,30.0,30.0,0.0,0.0,06/28,2.5,2.5,0.0,0.0,7.813,7.813,0.0,0.0,196.88,62.5,06/28,210*2,  2,0,True,62.5,162.5,,124,,,1774,False,,,0.0,0.0,0.0,False,False,0,,,,,C,,  1,2025-10-04 00:00:00.000
2025-09-22,224,CCB,2025-09-22 15:48:47.000,,1126,   6631,,5*25022NK1,8,0,0.0,5.9,3.0,1.85,1.85,0.0,0.0,05/30,2.5,2.5,0.0,0.0,0.6,0.6,0.0,0.0,5.9,3.0,05/30,5*25022NK1,  2,0,True,3.0,9.2,,125,,,1776,False,,,0.0,0.0,0.0,False,False,0,,,,,C,,  1,2025-10-04 00:00:00.000
2025-09-22,224,CCB,2025-09-22 15:48:47.000,,1126,   6631,,445022ANJI,42,0,0.0,5.4,5.4,1.9,3.0,0.0,0.0,10/29,2.5,2.5,0.0,0.0,5.67,5.67,0.0,0.0,5.4,5.4,10/29,445022ANJI,  2,0,True,2.0,147.0,,126,,,1090,False,,,0.0,0.0,0.0,False,False,0,,,,,C,,  1,2025-10-04 12:34:29.000
2025-09-22,223,CCB,2025-09-22 13:32:26.000,,1126,   6699,,ONEDRIP,10,0,0.0,39.04,21.45,18.0,18.0,0.0,0.0,04/28,6.0,6.0,0.0,0.0,12.87,12.87,0.0,0.0,39.04,21.45,04/28,ONEDRIP,  2,0,True,21.45,34.5,,96,,,1722,False,,,0.0,0.0,0.0,False,False,0,,,,,C,,  1,2025-10-04 00:00:00.000
2025-09-22,223,CCB,2025-09-22 13:32:26.000,,1126,   6261,,PT23RL0139C,10,0,0.0,63.26,19.5,18.5,18.5,0.0,0.0,10/25,6.0,6.0,0.0,0.0,11.7,11.7,0.0,0.0,63.26,19.5,10/25,PT23RL0139C,  2,0,True,19.5,10.0,,97,,,54,False,,,0.0,0.0,0.0,False,False,0,,,,,C,,  1,2025-10-04 00:00:00.000
2025-09-22,223,CCB,2025-09-22 13:32:26.000,,1126,   6464,,4C40255,10,0,0.0,22.0,11.0,9.0,9.0,0.0,0.0,03/27,6.0,6.0,0.0,0.0,6.6,6.6,0.0,0.0,22.0,11.0,03/27,4C40255,  2,0,True,11.0,20.0,,98,,,1154,False,,,0.0,0.0,0.0,False,False,0,,,,,C,,  1,2025-10-04 00:00:00.000
2025-09-22,223,CCB,2025-09-22 13:32:26.000,,1126,   6631,,445022ANJI,40,0,0.0,5.4,5.4,1.9,1.9,0.0,0.0,10/29,6.0,6.0,0.0,0.0,12.96,12.96,0.0,0.0,5.4,5.4,10/29,445022ANJI,  2,0,True,2.0,140.0,,99,,,1090,False,,,0.0,0.0,0.0,False,False,0,,,,,C,,  1,2025-10-04 00:00:00.000
2025-09-22,223,CCB,2025-09-22 13:32:26.000,,1126,   6507,,429104JG2,20,0,0.0,7.5,5.0,2.45,2.45,0.0,0.0,06/29,6.0,6.0,0.0,0.0,6.0,6.0,0.0,0.0,7.5,5.0,06/29,429104JG2,  2,0,True,3.45,51.0,,100,,,536,False,,,0.0,0.0,0.0,False,False,0,,,,,C,,  1,2025-10-04 00:00:00.000
2025-09-22,223,CCB,2025-09-22 13:32:26.000,,1126,   6630,,505105NG1,10,0,0.0,23.0,15.0,3.95,3.95,0.0,0.0,12/29,6.0,6.0,0.0,0.0,9.0,9.0,0.0,0.0,23.0,15.0,12/29,505105NG1,  2,0,True,5.0,110.5,,101,,,1089,False,,,0.0,0.0,0.0,False,False,0,,,,,C,,  1,2025-10-04 00:00:00.000
2025-09-22,223,CCB,2025-09-22 13:32:26.000,,1126,   6767,,451119,10,0,0.0,21.5,5.5,4.8,4.8,0.0,0.0,11/27,6.0,6.0,0.0,0.0,3.3,3.3,0.0,0.0,21.5,5.5,11/27,451119,  2,0,True,5.5,7.0,,102,,,1738,False,,,0.0,0.0,0.0,False,False,0,,,,,C,,  1,2025-10-04 00:00:00.000
2025-09-22,223,CCB,2025-09-22 13:32:26.000,,1126,   6300,,521452,5,0,0.0,21.5,5.58,4.8,4.8,0.0,0.0,04/28,6.0,6.0,0.0,0.0,1.674,1.674,0.0,0.0,21.5,5.58,04/28,521452,  2,0,True,5.58,3.9,,103,,,1737,False,,,0.0,0.0,0.0,False,False,0,,,,,C,,  1,2025-10-04 00:00:00.000
2025-09-22,223,CCB,2025-09-22 13:32:26.000,,1126,   6762,,675E022,10,0,0.0,20.99,15.0,14.99,14.99,0.0,0.0,07/26,6.0,6.0,0.0,0.0,9.0,9.0,0.0,0.0,20.99,15.0,07/26,675E022,  2,0,True,15.0,0.1,,104,,,1725,False,,,0.0,0.0,0.0,False,False,0,,,,,C,,  1,2025-10-04 00:00:00.000
2025-09-22,223,CCB,2025-09-22 13:32:26.000,,1126,   6763,,SH25014A,6,0,0.0,73.85,56.32,52.75,52.75,0.0,0.0,01/27,6.0,6.0,0.0,0.0,20.275,20.275,0.0,0.0,73.85,56.32,01/27,SH25014A,  2,0,True,56.32,21.42,,105,,,1726,False,,,0.0,0.0,0.0,False,False,0,,,,,C,,  1,2025-10-04 00:00:00.000
2025-09-22,223,CCB,2025-09-22 13:32:26.000,,1126,   6585,,24GK07G,5,0,0.0,56.5,11.5,8.25,8.25,0.0,0.0,10/26,6.0,6.0,0.0,0.0,3.45,3.45,0.0,0.0,56.5,11.5,10/26,24GK07G,  2,0,True,11.5,16.25,,106,,,903,False,,,0.0,0.0,0.0,False,False,0,,,,,C,,  1,2025-10-04 00:00:00.000
2025-09-22,223,CCB,2025-09-22 13:32:26.000,,1126,   1571,,5A00206,10,0,0.0,13.35,7.8,5.8,5.8,0.0,0.0,03/28,6.0,6.0,0.0,0.0,4.68,4.68,0.0,0.0,13.35,7.8,03/28,5A00206,  2,0,False,7.8,20.0,,107,,,1606,False,,,0.0,0.0,0.0,False,False,0,,,,,C,,  1,2025-10-04 00:00:00.000
2025-09-22,223,CCB,2025-09-22 13:32:26.000,,1126,   6738,,383T857,5,0,0.0,574.0,42.0,29.0,29.0,0.0,0.0,04/27,6.0,6.0,0.0,0.0,12.6,12.6,0.0,0.0,574.0,42.0,04/27,383T857,  2,0,True,42.0,65.0,,108,,,1748,False,,,0.0,0.0,0.0,False,False,0,,,,,C,,  1,2025-10-04 00:00:00.000
2025-09-22,223,CCB,2025-09-22 13:32:26.000,,1126,   1900,,ELF8BC3001,1,0,0.0,6491.0,3600.0,3400.0,3400.0,0.0,0.0,09/26,6.0,6.0,0.0,0.0,216.0,216.0,0.0,0.0,6491.0,3600.0,09/26,ELF8BC3001,  2,0,False,3600.0,200.0,,109,,,1758,False,,,0.0,0.0,0.0,False,False,0,,,,,C,,  1,2025-10-04 00:00:00.000
2025-09-22,223,CCB,2025-09-22 13:32:26.000,,1126,   1901,,EM250284A,1,0,0.0,3800.0,1900.0,1700.0,1700.0,0.0,0.0,03/28,6.0,6.0,0.0,0.0,114.0,114.0,0.0,0.0,3800.0,1900.0,03/28,EM250284A,  2,0,False,1900.0,200.0,,110,,,1759,False,,,0.0,0.0,0.0,False,False,0,,,,,C,,  1,2025-10-04 00:00:00.000
2025-09-22,223,CCB,2025-09-22 13:32:26.000,,1126,   6770,,2425,1,0,0.0,130.0,28.0,23.0,23.0,0.0,0.0,03/28,6.0,6.0,0.0,0.0,1.68,1.68,0.0,0.0,130.0,28.0,03/28,2425,  2,0,True,28.0,5.0,,111,,,1743,False,,,0.0,0.0,0.0,False,False,0,,,,,C,,  1,2025-10-04 18:15:22.999
